Title,Commodity Title,Hot Technology,In Demand,TECH_CATEGORY
Computer Systems Analysts,Document management software,Y,N,Hot Only
Computer Systems Analysts,Graphics or photo imaging software,Y,N,Hot Only
Computer Systems Analysts,Graphics or photo imaging software,Y,N,Hot Only
Computer Systems Analysts,Web platform development software,Y,N,Hot Only
Computer Systems Analysts,Data base management system software,Y,N,Hot Only
Computer Systems Analysts,Data base user interface and query software,Y,N,Hot Only
Computer Systems Analysts,Data base user interface and query software,Y,N,Hot Only
Computer Systems Analysts,Cloud-based management software,Y,N,Hot Only
Computer Systems Analysts,Data base user interface and query software,Y,N,Hot Only
Computer Systems Analysts,Expert system software,Y,N,Hot Only
Computer Systems Analysts,Data base management system software,Y,N,Hot Only
Computer Systems Analysts,Data base management system software,Y,N,Hot Only
Computer Systems Analysts,Data base management system software,Y,N,Hot Only
Computer Systems Analysts,Development environment software,Y,N,Hot Only
Computer Systems Analysts,Development environment software,Y,N,Hot Only
Computer Systems Analysts,Business intelligence and data analysis software,Y,N,Hot Only
Computer Systems Analysts,File versioning software,Y,N,Hot Only
Computer Systems Analysts,Web platform development software,Y,N,Hot Only
Computer Systems Analysts,Operating system software,Y,N,Hot Only
Computer Systems Analysts,Project management software,Y,N,Hot Only
Computer Systems Analysts,Content workflow software,Y,Y,Hot & In Demand
Computer Systems Analysts,Operating system software,Y,N,Hot Only
Computer Systems Analysts,Development environment software,Y,N,Hot Only
Computer Systems Analysts,Object or component oriented development software,Y,N,Hot Only
Computer Systems Analysts,Object or component oriented development software,Y,N,Hot Only
Computer Systems Analysts,Web platform development software,Y,N,Hot Only
Computer Systems Analysts,Configuration management software,Y,N,Hot Only
Computer Systems Analysts,Video conferencing software,Y,N,Hot Only
Computer Systems Analysts,Web platform development software,Y,N,Hot Only
Computer Systems Analysts,Application server software,Y,N,Hot Only
Computer Systems Analysts,Development environment software,Y,N,Hot Only
Computer Systems Analysts,Data base management system software,Y,N,Hot Only
Computer Systems Analysts,Medical software,Y,N,Hot Only
Computer Systems Analysts,Geographic information system,Y,N,Hot Only
Computer Systems Analysts,Enterprise application integration software,Y,N,Hot Only
Computer Systems Analysts,File versioning software,Y,N,Hot Only
Computer Systems Analysts,Application server software,Y,N,Hot Only
Computer Systems Analysts,Development environment software,Y,N,Hot Only
Computer Systems Analysts,Data mining software,Y,N,Hot Only
Computer Systems Analysts,Web platform development software,Y,N,Hot Only
Computer Systems Analysts,Word processing software,Y,N,Hot Only
Computer Systems Analysts,Object oriented data base management software,Y,N,Hot Only
Computer Systems Analysts,Web platform development software,Y,N,Hot Only
Computer Systems Analysts,Data base user interface and query software,Y,N,Hot Only
Computer Systems Analysts,Analytical or scientific software,Y,N,Hot Only
Computer Systems Analysts,Web platform development software,Y,N,Hot Only
Computer Systems Analysts,Web platform development software,Y,N,Hot Only
Computer Systems Analysts,Object or component oriented development software,Y,N,Hot Only
Computer Systems Analysts,Program testing software,Y,N,Hot Only
Computer Systems Analysts,Operating system software,Y,N,Hot Only
Computer Systems Analysts,Sales and marketing software,Y,N,Hot Only
Computer Systems Analysts,Medical software,Y,N,Hot Only
Computer Systems Analysts,Development environment software,Y,N,Hot Only
Computer Systems Analysts,Data base user interface and query software,Y,N,Hot Only
Computer Systems Analysts,Web platform development software,Y,N,Hot Only
Computer Systems Analysts,Web platform development software,Y,N,Hot Only
Computer Systems Analysts,Development environment software,Y,N,Hot Only
Computer Systems Analysts,Spreadsheet software,Y,Y,Hot & In Demand
Computer Systems Analysts,Office suite software,Y,Y,Hot & In Demand
Computer Systems Analysts,Electronic mail software,Y,N,Hot Only
Computer Systems Analysts,Business intelligence and data analysis software,Y,Y,Hot & In Demand
Computer Systems Analysts,Presentation software,Y,Y,Hot & In Demand
Computer Systems Analysts,Development environment software,Y,N,Hot Only
Computer Systems Analysts,Project management software,Y,N,Hot Only
Computer Systems Analysts,Document management software,Y,Y,Hot & In Demand
Computer Systems Analysts,Data base user interface and query software,Y,N,Hot Only
Computer Systems Analysts,Enterprise application integration software,Y,N,Hot Only
Computer Systems Analysts,Data base reporting software,Y,N,Hot Only
Computer Systems Analysts,Project management software,Y,N,Hot Only
Computer Systems Analysts,Project management software,Y,N,Hot Only
Computer Systems Analysts,Process mapping and design software,Y,N,Hot Only
Computer Systems Analysts,Development environment software,Y,N,Hot Only
Computer Systems Analysts,Development environment software,Y,N,Hot Only
Computer Systems Analysts,Development environment software,Y,N,Hot Only
Computer Systems Analysts,Operating system software,Y,N,Hot Only
Computer Systems Analysts,Operating system software,Y,N,Hot Only
Computer Systems Analysts,Word processing software,Y,N,Hot Only
Computer Systems Analysts,Data base management system software,Y,N,Hot Only
Computer Systems Analysts,Data base management system software,Y,N,Hot Only
Computer Systems Analysts,Web platform development software,Y,N,Hot Only
Computer Systems Analysts,Data base management system software,Y,N,Hot Only
Computer Systems Analysts,Operating system software,N,Y,In Demand Only
Computer Systems Analysts,Cloud-based management software,Y,N,Hot Only
Computer Systems Analysts,Data base management system software,Y,N,Hot Only
Computer Systems Analysts,Object or component oriented development software,Y,N,Hot Only
Computer Systems Analysts,Development environment software,Y,N,Hot Only
Computer Systems Analysts,Enterprise resource planning ERP software,Y,N,Hot Only
Computer Systems Analysts,Data base management system software,Y,N,Hot Only
Computer Systems Analysts,Project management software,Y,N,Hot Only
Computer Systems Analysts,Development environment software,Y,N,Hot Only
Computer Systems Analysts,Object or component oriented development software,Y,N,Hot Only
Computer Systems Analysts,Web platform development software,Y,N,Hot Only
Computer Systems Analysts,Object oriented data base management software,Y,N,Hot Only
Computer Systems Analysts,Configuration management software,Y,N,Hot Only
Computer Systems Analysts,Object or component oriented development software,Y,Y,Hot & In Demand
Computer Systems Analysts,Object or component oriented development software,Y,N,Hot Only
Computer Systems Analysts,Web platform development software,Y,N,Hot Only
Computer Systems Analysts,Operating system software,Y,N,Hot Only
Computer Systems Analysts,Application server software,Y,N,Hot Only
Computer Systems Analysts,Development environment software,Y,N,Hot Only
Computer Systems Analysts,Customer relationship management CRM software,Y,N,Hot Only
Computer Systems Analysts,Enterprise resource planning ERP software,Y,N,Hot Only
Computer Systems Analysts,Enterprise resource planning ERP software,Y,Y,Hot & In Demand
Computer Systems Analysts,Analytical or scientific software,Y,N,Hot Only
Computer Systems Analysts,Object or component oriented development software,Y,N,Hot Only
Computer Systems Analysts,Program testing software,Y,N,Hot Only
Computer Systems Analysts,Data base user interface and query software,Y,Y,Hot & In Demand
Computer Systems Analysts,Operating system software,Y,N,Hot Only
Computer Systems Analysts,Cloud-based data access and sharing software,Y,N,Hot Only
Computer Systems Analysts,Cloud-based management software,Y,N,Hot Only
Computer Systems Analysts,Application server software,Y,N,Hot Only
Computer Systems Analysts,Web platform development software,Y,N,Hot Only
Computer Systems Analysts,Data base user interface and query software,Y,Y,Hot & In Demand
Computer Systems Analysts,Object or component oriented development software,Y,N,Hot Only
Computer Systems Analysts,Business intelligence and data analysis software,Y,N,Hot Only
Computer Systems Analysts,Data base management system software,Y,N,Hot Only
Computer Systems Analysts,Analytical or scientific software,Y,N,Hot Only
Computer Systems Analysts,Data base user interface and query software,Y,N,Hot Only
Computer Systems Analysts,Operating system software,Y,N,Hot Only
Computer Systems Analysts,Operating system software,Y,N,Hot Only
Health Informatics Specialists,Data base management system software,Y,N,Hot Only
Health Informatics Specialists,Medical software,Y,N,Hot Only
Health Informatics Specialists,Medical software,Y,N,Hot Only
Health Informatics Specialists,Geographic information system,Y,N,Hot Only
Health Informatics Specialists,Analytical or scientific software,Y,N,Hot Only
Health Informatics Specialists,Web platform development software,Y,N,Hot Only
Health Informatics Specialists,Medical software,Y,N,Hot Only
Health Informatics Specialists,Data base user interface and query software,Y,Y,Hot & In Demand
Health Informatics Specialists,Spreadsheet software,Y,Y,Hot & In Demand
Health Informatics Specialists,Office suite software,Y,Y,Hot & In Demand
Health Informatics Specialists,Electronic mail software,Y,Y,Hot & In Demand
Health Informatics Specialists,Business intelligence and data analysis software,Y,Y,Hot & In Demand
Health Informatics Specialists,Presentation software,Y,Y,Hot & In Demand
Health Informatics Specialists,Project management software,Y,N,Hot Only
Health Informatics Specialists,Document management software,Y,N,Hot Only
Health Informatics Specialists,Object or component oriented development software,Y,N,Hot Only
Health Informatics Specialists,Process mapping and design software,Y,N,Hot Only
Health Informatics Specialists,Word processing software,Y,Y,Hot & In Demand
Health Informatics Specialists,Object or component oriented development software,Y,N,Hot Only
Health Informatics Specialists,Object or component oriented development software,Y,Y,Hot & In Demand
Health Informatics Specialists,Object or component oriented development software,Y,Y,Hot & In Demand
Health Informatics Specialists,Customer relationship management CRM software,Y,N,Hot Only
Health Informatics Specialists,Analytical or scientific software,Y,Y,Hot & In Demand
Health Informatics Specialists,Data base user interface and query software,Y,Y,Hot & In Demand
Health Informatics Specialists,Business intelligence and data analysis software,Y,Y,Hot & In Demand
Health Informatics Specialists,Operating system software,Y,N,Hot Only
Information Security Analysts,Web platform development software,Y,N,Hot Only
Information Security Analysts,Data base management system software,Y,N,Hot Only
Information Security Analysts,Data base user interface and query software,Y,N,Hot Only
Information Security Analysts,Data base user interface and query software,Y,N,Hot Only
Information Security Analysts,Cloud-based management software,Y,N,Hot Only
Information Security Analysts,Data base user interface and query software,Y,Y,Hot & In Demand
Information Security Analysts,Expert system software,Y,N,Hot Only
Information Security Analysts,Data base management system software,Y,N,Hot Only
Information Security Analysts,Data base management system software,Y,N,Hot Only
Information Security Analysts,Data base management system software,Y,N,Hot Only
Information Security Analysts,Development environment software,Y,N,Hot Only
Information Security Analysts,Development environment software,Y,N,Hot Only
Information Security Analysts,Business intelligence and data analysis software,Y,N,Hot Only
Information Security Analysts,File versioning software,Y,N,Hot Only
Information Security Analysts,Web platform development software,Y,N,Hot Only
Information Security Analysts,Operating system software,Y,N,Hot Only
Information Security Analysts,Project management software,Y,N,Hot Only
Information Security Analysts,Content workflow software,Y,N,Hot Only
Information Security Analysts,Operating system software,Y,N,Hot Only
Information Security Analysts,Switch or router software,Y,N,Hot Only
Information Security Analysts,Development environment software,Y,N,Hot Only
Information Security Analysts,Object or component oriented development software,Y,N,Hot Only
Information Security Analysts,Object or component oriented development software,Y,N,Hot Only
Information Security Analysts,Configuration management software,Y,N,Hot Only
Information Security Analysts,Web platform development software,Y,N,Hot Only
Information Security Analysts,Application server software,Y,N,Hot Only
Information Security Analysts,Development environment software,Y,N,Hot Only
Information Security Analysts,Data base management system software,Y,N,Hot Only
Information Security Analysts,Risk management data and analysis software,N,Y,In Demand Only
Information Security Analysts,Medical software,Y,N,Hot Only
Information Security Analysts,Geographic information system,Y,N,Hot Only
Information Security Analysts,Enterprise application integration software,Y,N,Hot Only
Information Security Analysts,Network security and virtual private network VPN equipment software,N,Y,In Demand Only
Information Security Analysts,File versioning software,Y,N,Hot Only
Information Security Analysts,Application server software,Y,N,Hot Only
Information Security Analysts,Development environment software,Y,N,Hot Only
Information Security Analysts,Web platform development software,Y,N,Hot Only
Information Security Analysts,Web platform development software,Y,N,Hot Only
Information Security Analysts,Web platform development software,Y,N,Hot Only
Information Security Analysts,Web platform development software,Y,N,Hot Only
Information Security Analysts,Operating system software,Y,Y,Hot & In Demand
Information Security Analysts,Development environment software,Y,N,Hot Only
Information Security Analysts,Data base user interface and query software,Y,N,Hot Only
Information Security Analysts,Internet directory services software,Y,N,Hot Only
Information Security Analysts,Web platform development software,Y,N,Hot Only
Information Security Analysts,Web platform development software,Y,N,Hot Only
Information Security Analysts,Development environment software,Y,Y,Hot & In Demand
Information Security Analysts,Spreadsheet software,Y,Y,Hot & In Demand
Information Security Analysts,Office suite software,Y,Y,Hot & In Demand
Information Security Analysts,Presentation software,Y,Y,Hot & In Demand
Information Security Analysts,Development environment software,Y,Y,Hot & In Demand
Information Security Analysts,Project management software,Y,N,Hot Only
Information Security Analysts,Document management software,Y,N,Hot Only
Information Security Analysts,Data base user interface and query software,Y,N,Hot Only
Information Security Analysts,Enterprise application integration software,Y,N,Hot Only
Information Security Analysts,Data base reporting software,Y,N,Hot Only
Information Security Analysts,Project management software,Y,N,Hot Only
Information Security Analysts,Process mapping and design software,Y,N,Hot Only
Information Security Analysts,Development environment software,Y,N,Hot Only
Information Security Analysts,Development environment software,Y,N,Hot Only
Information Security Analysts,Development environment software,Y,N,Hot Only
Information Security Analysts,Operating system software,Y,N,Hot Only
Information Security Analysts,Operating system software,Y,N,Hot Only
Information Security Analysts,Word processing software,Y,N,Hot Only
Information Security Analysts,Program testing software,N,Y,In Demand Only
Information Security Analysts,Data base management system software,Y,N,Hot Only
Information Security Analysts,Data base management system software,Y,N,Hot Only
Information Security Analysts,Web platform development software,Y,N,Hot Only
Information Security Analysts,Data base management system software,Y,N,Hot Only
Information Security Analysts,Operating system software,N,Y,In Demand Only
Information Security Analysts,Data base user interface and query software,Y,N,Hot Only
Information Security Analysts,Object or component oriented development software,Y,N,Hot Only
Information Security Analysts,Enterprise resource planning ERP software,Y,N,Hot Only
Information Security Analysts,Data base management system software,Y,N,Hot Only
Information Security Analysts,Object or component oriented development software,Y,N,Hot Only
Information Security Analysts,Web platform development software,Y,N,Hot Only
Information Security Analysts,Object oriented data base management software,Y,N,Hot Only
Information Security Analysts,Configuration management software,Y,N,Hot Only
Information Security Analysts,Object or component oriented development software,Y,Y,Hot & In Demand
Information Security Analysts,Operating system software,Y,N,Hot Only
Information Security Analysts,Application server software,Y,N,Hot Only
Information Security Analysts,Development environment software,Y,N,Hot Only
Information Security Analysts,Customer relationship management CRM software,Y,N,Hot Only
Information Security Analysts,Enterprise resource planning ERP software,Y,N,Hot Only
Information Security Analysts,Analytical or scientific software,Y,N,Hot Only
Information Security Analysts,Object or component oriented development software,Y,N,Hot Only
Information Security Analysts,Program testing software,Y,N,Hot Only
Information Security Analysts,Operating system software,Y,N,Hot Only
Information Security Analysts,Cloud-based management software,Y,Y,Hot & In Demand
Information Security Analysts,Web platform development software,Y,N,Hot Only
Information Security Analysts,Data base user interface and query software,Y,N,Hot Only
Information Security Analysts,Object or component oriented development software,Y,N,Hot Only
Information Security Analysts,Business intelligence and data analysis software,Y,N,Hot Only
Information Security Analysts,Data base management system software,Y,N,Hot Only
Information Security Analysts,Analytical or scientific software,Y,N,Hot Only
Information Security Analysts,Operating system software,Y,Y,Hot & In Demand
Information Security Analysts,Operating system software,Y,N,Hot Only
Computer and Information Research Scientists,Data base management system software,Y,N,Hot Only
Computer and Information Research Scientists,Data base user interface and query software,Y,N,Hot Only
Computer and Information Research Scientists,Data base user interface and query software,Y,N,Hot Only
Computer and Information Research Scientists,Cloud-based management software,Y,N,Hot Only
Computer and Information Research Scientists,Cloud-based management software,N,Y,In Demand Only
Computer and Information Research Scientists,Data base user interface and query software,Y,Y,Hot & In Demand
Computer and Information Research Scientists,Expert system software,Y,Y,Hot & In Demand
Computer and Information Research Scientists,Procedure management software,Y,N,Hot Only
Computer and Information Research Scientists,Data base management system software,Y,N,Hot Only
Computer and Information Research Scientists,Data base management system software,Y,Y,Hot & In Demand
Computer and Information Research Scientists,Data base user interface and query software,Y,N,Hot Only
Computer and Information Research Scientists,Development environment software,Y,N,Hot Only
Computer and Information Research Scientists,Business intelligence and data analysis software,Y,Y,Hot & In Demand
Computer and Information Research Scientists,File versioning software,Y,N,Hot Only
Computer and Information Research Scientists,Operating system software,Y,Y,Hot & In Demand
Computer and Information Research Scientists,Development environment software,Y,Y,Hot & In Demand
Computer and Information Research Scientists,Object or component oriented development software,Y,N,Hot Only
Computer and Information Research Scientists,Object or component oriented development software,Y,Y,Hot & In Demand
Computer and Information Research Scientists,Configuration management software,Y,N,Hot Only
Computer and Information Research Scientists,Web platform development software,Y,N,Hot Only
Computer and Information Research Scientists,Application server software,Y,Y,Hot & In Demand
Computer and Information Research Scientists,Development environment software,Y,N,Hot Only
Computer and Information Research Scientists,Data base management system software,Y,N,Hot Only
Computer and Information Research Scientists,Geographic information system,Y,N,Hot Only
Computer and Information Research Scientists,Enterprise application integration software,Y,N,Hot Only
Computer and Information Research Scientists,File versioning software,Y,Y,Hot & In Demand
Computer and Information Research Scientists,Application server software,Y,Y,Hot & In Demand
Computer and Information Research Scientists,Application server software,Y,N,Hot Only
Computer and Information Research Scientists,Development environment software,Y,Y,Hot & In Demand
Computer and Information Research Scientists,Data mining software,Y,N,Hot Only
Computer and Information Research Scientists,Graphical user interface development software,N,Y,In Demand Only
Computer and Information Research Scientists,Analytical or scientific software,Y,N,Hot Only
Computer and Information Research Scientists,Configuration management software,Y,Y,Hot & In Demand
Computer and Information Research Scientists,Web platform development software,Y,Y,Hot & In Demand
Computer and Information Research Scientists,Enterprise application integration software,Y,Y,Hot & In Demand
Computer and Information Research Scientists,Application server software,Y,Y,Hot & In Demand
Computer and Information Research Scientists,Operating system software,Y,Y,Hot & In Demand
Computer and Information Research Scientists,Development environment software,Y,Y,Hot & In Demand
Computer and Information Research Scientists,Spreadsheet software,Y,N,Hot Only
Computer and Information Research Scientists,Office suite software,Y,N,Hot Only
Computer and Information Research Scientists,Business intelligence and data analysis software,Y,N,Hot Only
Computer and Information Research Scientists,Presentation software,Y,N,Hot Only
Computer and Information Research Scientists,Project management software,Y,N,Hot Only
Computer and Information Research Scientists,Data base user interface and query software,Y,N,Hot Only
Computer and Information Research Scientists,Development environment software,Y,N,Hot Only
Computer and Information Research Scientists,Development environment software,Y,N,Hot Only
Computer and Information Research Scientists,Development environment software,Y,N,Hot Only
Computer and Information Research Scientists,Data base management system software,Y,N,Hot Only
Computer and Information Research Scientists,Data base management system software,Y,N,Hot Only
Computer and Information Research Scientists,Web platform development software,Y,N,Hot Only
Computer and Information Research Scientists,Data base management system software,Y,Y,Hot & In Demand
Computer and Information Research Scientists,Data base management system software,Y,N,Hot Only
Computer and Information Research Scientists,Object or component oriented development software,Y,Y,Hot & In Demand
Computer and Information Research Scientists,Development environment software,Y,N,Hot Only
Computer and Information Research Scientists,Data base user interface and query software,N,Y,In Demand Only
Computer and Information Research Scientists,Object or component oriented development software,Y,N,Hot Only
Computer and Information Research Scientists,Web platform development software,Y,N,Hot Only
Computer and Information Research Scientists,Object oriented data base management software,Y,N,Hot Only
Computer and Information Research Scientists,Configuration management software,Y,N,Hot Only
Computer and Information Research Scientists,Object or component oriented development software,Y,Y,Hot & In Demand
Computer and Information Research Scientists,Data base user interface and query software,Y,Y,Hot & In Demand
Computer and Information Research Scientists,Object or component oriented development software,Y,Y,Hot & In Demand
Computer and Information Research Scientists,Data base management system software,Y,N,Hot Only
Computer and Information Research Scientists,Development environment software,Y,N,Hot Only
Computer and Information Research Scientists,Analytical or scientific software,Y,N,Hot Only
Computer and Information Research Scientists,Object or component oriented development software,Y,Y,Hot & In Demand
Computer and Information Research Scientists,Development environment software,N,Y,In Demand Only
Computer and Information Research Scientists,Operating system software,Y,N,Hot Only
Computer and Information Research Scientists,Cloud-based management software,Y,Y,Hot & In Demand
Computer and Information Research Scientists,Data base user interface and query software,Y,Y,Hot & In Demand
Computer and Information Research Scientists,Business intelligence and data analysis software,Y,N,Hot Only
Computer and Information Research Scientists,Analytical or scientific software,Y,Y,Hot & In Demand
Computer and Information Research Scientists,Data base management system software,Y,N,Hot Only
Computer and Information Research Scientists,Analytical or scientific software,Y,N,Hot Only
Computer and Information Research Scientists,Data base user interface and query software,Y,N,Hot Only
Computer and Information Research Scientists,Operating system software,Y,N,Hot Only
Computer and Information Research Scientists,Operating system software,Y,N,Hot Only
Computer Network Support Specialists,Document management software,Y,N,Hot Only
Computer Network Support Specialists,Web platform development software,Y,N,Hot Only
Computer Network Support Specialists,Operating system software,Y,Y,Hot & In Demand
Computer Network Support Specialists,Operating system software,Y,N,Hot Only
Computer Network Support Specialists,Switch or router software,Y,N,Hot Only
Computer Network Support Specialists,Network security and virtual private network VPN equipment software,N,Y,In Demand Only
Computer Network Support Specialists,Operating system software,Y,Y,Hot & In Demand
Computer Network Support Specialists,Data base user interface and query software,Y,N,Hot Only
Computer Network Support Specialists,Internet directory services software,Y,Y,Hot & In Demand
Computer Network Support Specialists,Development environment software,Y,N,Hot Only
Computer Network Support Specialists,Spreadsheet software,Y,Y,Hot & In Demand
Computer Network Support Specialists,Office suite software,Y,Y,Hot & In Demand
Computer Network Support Specialists,Electronic mail software,Y,Y,Hot & In Demand
Computer Network Support Specialists,Presentation software,Y,N,Hot Only
Computer Network Support Specialists,Development environment software,Y,N,Hot Only
Computer Network Support Specialists,Project management software,Y,N,Hot Only
Computer Network Support Specialists,Document management software,Y,N,Hot Only
Computer Network Support Specialists,Data base user interface and query software,Y,N,Hot Only
Computer Network Support Specialists,Development environment software,Y,N,Hot Only
Computer Network Support Specialists,Operating system software,Y,Y,Hot & In Demand
Computer Network Support Specialists,Operating system software,Y,Y,Hot & In Demand
Computer Network Support Specialists,Word processing software,Y,N,Hot Only
Computer Network Support Specialists,Data base management system software,Y,N,Hot Only
Computer Network Support Specialists,Operating system software,N,Y,In Demand Only
Computer Network Support Specialists,Object or component oriented development software,Y,N,Hot Only
Computer Network Support Specialists,Object or component oriented development software,Y,N,Hot Only
Computer Network Support Specialists,Object or component oriented development software,Y,N,Hot Only
Computer Network Support Specialists,Operating system software,Y,N,Hot Only
Computer Network Support Specialists,Development environment software,Y,N,Hot Only
Computer Network Support Specialists,Data base user interface and query software,Y,Y,Hot & In Demand
Computer Network Support Specialists,Operating system software,Y,N,Hot Only
Computer Network Support Specialists,Cloud-based management software,Y,N,Hot Only
Computer Network Support Specialists,Data base user interface and query software,Y,N,Hot Only
Computer Network Support Specialists,Data base management system software,Y,N,Hot Only
Computer Network Support Specialists,Operating system software,Y,N,Hot Only
Computer Network Support Specialists,Operating system software,Y,N,Hot Only
Computer User Support Specialists,Document management software,Y,N,Hot Only
Computer User Support Specialists,Graphics or photo imaging software,Y,N,Hot Only
Computer User Support Specialists,Graphics or photo imaging software,Y,N,Hot Only
Computer User Support Specialists,Desktop publishing software,Y,N,Hot Only
Computer User Support Specialists,Graphics or photo imaging software,Y,N,Hot Only
Computer User Support Specialists,Web platform development software,Y,N,Hot Only
Computer User Support Specialists,Data base user interface and query software,Y,N,Hot Only
Computer User Support Specialists,Data base user interface and query software,Y,N,Hot Only
Computer User Support Specialists,Expert system software,Y,N,Hot Only
Computer User Support Specialists,Data base management system software,Y,N,Hot Only
Computer User Support Specialists,Data base management system software,Y,N,Hot Only
Computer User Support Specialists,Data base management system software,Y,N,Hot Only
Computer User Support Specialists,Development environment software,Y,N,Hot Only
Computer User Support Specialists,Development environment software,Y,N,Hot Only
Computer User Support Specialists,File versioning software,Y,N,Hot Only
Computer User Support Specialists,Web platform development software,Y,N,Hot Only
Computer User Support Specialists,Operating system software,Y,Y,Hot & In Demand
Computer User Support Specialists,Operating system software,Y,Y,Hot & In Demand
Computer User Support Specialists,Project management software,Y,N,Hot Only
Computer User Support Specialists,Content workflow software,Y,N,Hot Only
Computer User Support Specialists,Computer aided design CAD software,Y,N,Hot Only
Computer User Support Specialists,Computer aided design CAD software,Y,N,Hot Only
Computer User Support Specialists,Operating system software,Y,N,Hot Only
Computer User Support Specialists,Computer aided design CAD software,Y,N,Hot Only
Computer User Support Specialists,Development environment software,Y,N,Hot Only
Computer User Support Specialists,Object or component oriented development software,Y,N,Hot Only
Computer User Support Specialists,Object or component oriented development software,Y,N,Hot Only
Computer User Support Specialists,Web platform development software,Y,N,Hot Only
Computer User Support Specialists,Configuration management software,Y,N,Hot Only
Computer User Support Specialists,Video conferencing software,Y,N,Hot Only
Computer User Support Specialists,Computer aided design CAD software,Y,N,Hot Only
Computer User Support Specialists,Web platform development software,Y,N,Hot Only
Computer User Support Specialists,Application server software,Y,N,Hot Only
Computer User Support Specialists,Development environment software,Y,N,Hot Only
Computer User Support Specialists,Data base management system software,Y,N,Hot Only
Computer User Support Specialists,Medical software,Y,N,Hot Only
Computer User Support Specialists,Geographic information system,Y,N,Hot Only
Computer User Support Specialists,Enterprise application integration software,Y,N,Hot Only
Computer User Support Specialists,Web page creation and editing software,Y,N,Hot Only
Computer User Support Specialists,Network security and virtual private network VPN equipment software,N,Y,In Demand Only
Computer User Support Specialists,File versioning software,Y,N,Hot Only
Computer User Support Specialists,Application server software,Y,N,Hot Only
Computer User Support Specialists,Operating system software,Y,N,Hot Only
Computer User Support Specialists,Web platform development software,Y,N,Hot Only
Computer User Support Specialists,Word processing software,Y,N,Hot Only
Computer User Support Specialists,Object oriented data base management software,Y,N,Hot Only
Computer User Support Specialists,Web platform development software,Y,N,Hot Only
Computer User Support Specialists,Web platform development software,Y,N,Hot Only
Computer User Support Specialists,Web platform development software,Y,N,Hot Only
Computer User Support Specialists,Object or component oriented development software,Y,N,Hot Only
Computer User Support Specialists,Program testing software,Y,N,Hot Only
Computer User Support Specialists,Operating system software,Y,Y,Hot & In Demand
Computer User Support Specialists,Sales and marketing software,Y,N,Hot Only
Computer User Support Specialists,Medical software,Y,N,Hot Only
Computer User Support Specialists,Development environment software,Y,N,Hot Only
Computer User Support Specialists,Data base user interface and query software,Y,N,Hot Only
Computer User Support Specialists,Internet directory services software,Y,Y,Hot & In Demand
Computer User Support Specialists,Web platform development software,Y,N,Hot Only
Computer User Support Specialists,Web platform development software,Y,N,Hot Only
Computer User Support Specialists,Development environment software,Y,Y,Hot & In Demand
Computer User Support Specialists,Spreadsheet software,Y,Y,Hot & In Demand
Computer User Support Specialists,Office suite software,Y,Y,Hot & In Demand
Computer User Support Specialists,Electronic mail software,Y,Y,Hot & In Demand
Computer User Support Specialists,Presentation software,Y,N,Hot Only
Computer User Support Specialists,Development environment software,Y,N,Hot Only
Computer User Support Specialists,Project management software,Y,N,Hot Only
Computer User Support Specialists,Document management software,Y,N,Hot Only
Computer User Support Specialists,Data base user interface and query software,Y,N,Hot Only
Computer User Support Specialists,Enterprise application integration software,Y,N,Hot Only
Computer User Support Specialists,Data base reporting software,Y,N,Hot Only
Computer User Support Specialists,Project management software,Y,N,Hot Only
Computer User Support Specialists,Process mapping and design software,Y,N,Hot Only
Computer User Support Specialists,Development environment software,Y,N,Hot Only
Computer User Support Specialists,Development environment software,Y,N,Hot Only
Computer User Support Specialists,Development environment software,Y,N,Hot Only
Computer User Support Specialists,Operating system software,Y,Y,Hot & In Demand
Computer User Support Specialists,Operating system software,Y,N,Hot Only
Computer User Support Specialists,Word processing software,Y,N,Hot Only
Computer User Support Specialists,Data base management system software,Y,N,Hot Only
Computer User Support Specialists,Data base user interface and query software,Y,N,Hot Only
Computer User Support Specialists,Web platform development software,Y,N,Hot Only
Computer User Support Specialists,Data base management system software,Y,N,Hot Only
Computer User Support Specialists,Operating system software,N,Y,In Demand Only
Computer User Support Specialists,Data base user interface and query software,Y,N,Hot Only
Computer User Support Specialists,Object or component oriented development software,Y,N,Hot Only
Computer User Support Specialists,Enterprise resource planning ERP software,Y,N,Hot Only
Computer User Support Specialists,Data base management system software,Y,N,Hot Only
Computer User Support Specialists,Project management software,Y,N,Hot Only
Computer User Support Specialists,Object or component oriented development software,Y,N,Hot Only
Computer User Support Specialists,Web platform development software,Y,N,Hot Only
Computer User Support Specialists,Object oriented data base management software,Y,N,Hot Only
Computer User Support Specialists,Configuration management software,Y,N,Hot Only
Computer User Support Specialists,Object or component oriented development software,Y,N,Hot Only
Computer User Support Specialists,Operating system software,Y,N,Hot Only
Computer User Support Specialists,Development environment software,Y,N,Hot Only
Computer User Support Specialists,Customer relationship management CRM software,Y,N,Hot Only
Computer User Support Specialists,Enterprise resource planning ERP software,Y,N,Hot Only
Computer User Support Specialists,Analytical or scientific software,Y,N,Hot Only
Computer User Support Specialists,Data base user interface and query software,Y,Y,Hot & In Demand
Computer User Support Specialists,Operating system software,Y,N,Hot Only
Computer User Support Specialists,Cloud-based data access and sharing software,Y,N,Hot Only
Computer User Support Specialists,Cloud-based management software,Y,N,Hot Only
Computer User Support Specialists,Application server software,Y,N,Hot Only
Computer User Support Specialists,Web platform development software,Y,N,Hot Only
Computer User Support Specialists,Data base user interface and query software,Y,Y,Hot & In Demand
Computer User Support Specialists,Object or component oriented development software,Y,N,Hot Only
Computer User Support Specialists,Business intelligence and data analysis software,Y,N,Hot Only
Computer User Support Specialists,Data base management system software,Y,N,Hot Only
Computer User Support Specialists,Analytical or scientific software,Y,N,Hot Only
Computer User Support Specialists,Data base user interface and query software,Y,N,Hot Only
Computer User Support Specialists,Graphics or photo imaging software,Y,N,Hot Only
Computer User Support Specialists,Operating system software,Y,N,Hot Only
Computer User Support Specialists,Operating system software,Y,N,Hot Only
Computer User Support Specialists,Data base user interface and query software,Y,N,Hot Only
Computer User Support Specialists,Video conferencing software,Y,N,Hot Only
Computer Network Architects,Video creation and editing software,Y,N,Hot Only
Computer Network Architects,Web platform development software,Y,N,Hot Only
Computer Network Architects,Data base management system software,Y,N,Hot Only
Computer Network Architects,Data base user interface and query software,Y,N,Hot Only
Computer Network Architects,Data base user interface and query software,Y,N,Hot Only
Computer Network Architects,Cloud-based management software,Y,N,Hot Only
Computer Network Architects,Data base user interface and query software,Y,Y,Hot & In Demand
Computer Network Architects,Expert system software,Y,Y,Hot & In Demand
Computer Network Architects,Data base management system software,Y,N,Hot Only
Computer Network Architects,Data base management system software,Y,N,Hot Only
Computer Network Architects,Data base management system software,Y,N,Hot Only
Computer Network Architects,Development environment software,Y,N,Hot Only
Computer Network Architects,Development environment software,Y,N,Hot Only
Computer Network Architects,Business intelligence and data analysis software,Y,N,Hot Only
Computer Network Architects,File versioning software,Y,N,Hot Only
Computer Network Architects,Web platform development software,Y,N,Hot Only
Computer Network Architects,Operating system software,Y,N,Hot Only
Computer Network Architects,Project management software,Y,N,Hot Only
Computer Network Architects,Content workflow software,Y,N,Hot Only
Computer Network Architects,Computer aided design CAD software,Y,N,Hot Only
Computer Network Architects,Computer aided design CAD software,Y,N,Hot Only
Computer Network Architects,Operating system software,Y,N,Hot Only
Computer Network Architects,Switch or router software,Y,Y,Hot & In Demand
Computer Network Architects,Development environment software,Y,N,Hot Only
Computer Network Architects,Object or component oriented development software,Y,N,Hot Only
Computer Network Architects,Object or component oriented development software,Y,N,Hot Only
Computer Network Architects,Web platform development software,Y,N,Hot Only
Computer Network Architects,Configuration management software,Y,N,Hot Only
Computer Network Architects,Video conferencing software,Y,N,Hot Only
Computer Network Architects,Computer aided design CAD software,Y,N,Hot Only
Computer Network Architects,Web platform development software,Y,N,Hot Only
Computer Network Architects,Application server software,Y,N,Hot Only
Computer Network Architects,Development environment software,Y,N,Hot Only
Computer Network Architects,Data base management system software,Y,N,Hot Only
Computer Network Architects,Geographic information system,Y,N,Hot Only
Computer Network Architects,Enterprise application integration software,Y,N,Hot Only
Computer Network Architects,Network security and virtual private network VPN equipment software,N,Y,In Demand Only
Computer Network Architects,File versioning software,Y,N,Hot Only
Computer Network Architects,Application server software,Y,N,Hot Only
Computer Network Architects,Development environment software,Y,N,Hot Only
Computer Network Architects,Operating system software,Y,N,Hot Only
Computer Network Architects,Web platform development software,Y,N,Hot Only
Computer Network Architects,Object oriented data base management software,Y,N,Hot Only
Computer Network Architects,Web platform development software,Y,N,Hot Only
Computer Network Architects,Configuration management software,Y,Y,Hot & In Demand
Computer Network Architects,Cloud-based management software,Y,N,Hot Only
Computer Network Architects,Web platform development software,Y,N,Hot Only
Computer Network Architects,Web platform development software,Y,N,Hot Only
Computer Network Architects,Object or component oriented development software,Y,N,Hot Only
Computer Network Architects,Program testing software,Y,N,Hot Only
Computer Network Architects,Operating system software,Y,Y,Hot & In Demand
Computer Network Architects,Development environment software,Y,N,Hot Only
Computer Network Architects,Data base user interface and query software,Y,N,Hot Only
Computer Network Architects,Internet directory services software,Y,N,Hot Only
Computer Network Architects,Web platform development software,Y,N,Hot Only
Computer Network Architects,Web platform development software,Y,N,Hot Only
Computer Network Architects,Development environment software,Y,Y,Hot & In Demand
Computer Network Architects,Spreadsheet software,Y,Y,Hot & In Demand
Computer Network Architects,Office suite software,Y,Y,Hot & In Demand
Computer Network Architects,Presentation software,Y,N,Hot Only
Computer Network Architects,Development environment software,Y,Y,Hot & In Demand
Computer Network Architects,Project management software,Y,N,Hot Only
Computer Network Architects,Document management software,Y,N,Hot Only
Computer Network Architects,Data base user interface and query software,Y,N,Hot Only
Computer Network Architects,Data base reporting software,Y,N,Hot Only
Computer Network Architects,Process mapping and design software,Y,N,Hot Only
Computer Network Architects,Development environment software,Y,N,Hot Only
Computer Network Architects,Development environment software,Y,N,Hot Only
Computer Network Architects,Operating system software,Y,N,Hot Only
Computer Network Architects,Application server software,Y,N,Hot Only
Computer Network Architects,Word processing software,Y,N,Hot Only
Computer Network Architects,Data base management system software,Y,N,Hot Only
Computer Network Architects,Data base management system software,Y,N,Hot Only
Computer Network Architects,Web platform development software,Y,N,Hot Only
Computer Network Architects,Data base management system software,Y,N,Hot Only
Computer Network Architects,Operating system software,N,Y,In Demand Only
Computer Network Architects,Data base user interface and query software,Y,N,Hot Only
Computer Network Architects,Object or component oriented development software,Y,Y,Hot & In Demand
Computer Network Architects,Data base management system software,Y,N,Hot Only
Computer Network Architects,Object or component oriented development software,Y,N,Hot Only
Computer Network Architects,Web platform development software,Y,N,Hot Only
Computer Network Architects,Object oriented data base management software,Y,N,Hot Only
Computer Network Architects,Configuration management software,Y,N,Hot Only
Computer Network Architects,Object or component oriented development software,Y,Y,Hot & In Demand
Computer Network Architects,Operating system software,Y,N,Hot Only
Computer Network Architects,Application server software,Y,N,Hot Only
Computer Network Architects,Development environment software,Y,N,Hot Only
Computer Network Architects,Enterprise resource planning ERP software,Y,N,Hot Only
Computer Network Architects,Object or component oriented development software,Y,N,Hot Only
Computer Network Architects,Program testing software,Y,N,Hot Only
Computer Network Architects,Operating system software,Y,N,Hot Only
Computer Network Architects,Cloud-based management software,Y,N,Hot Only
Computer Network Architects,Application server software,Y,N,Hot Only
Computer Network Architects,Web platform development software,Y,N,Hot Only
Computer Network Architects,Data base user interface and query software,Y,Y,Hot & In Demand
Computer Network Architects,Object or component oriented development software,Y,N,Hot Only
Computer Network Architects,Business intelligence and data analysis software,Y,N,Hot Only
Computer Network Architects,Data base management system software,Y,N,Hot Only
Computer Network Architects,Analytical or scientific software,Y,N,Hot Only
Computer Network Architects,Data base user interface and query software,Y,N,Hot Only
Computer Network Architects,Graphics or photo imaging software,Y,N,Hot Only
Computer Network Architects,Operating system software,Y,N,Hot Only
Computer Network Architects,Operating system software,Y,N,Hot Only
Telecommunications Engineering Specialists,Development environment software,Y,N,Hot Only
Telecommunications Engineering Specialists,Computer aided design CAD software,Y,Y,Hot & In Demand
Telecommunications Engineering Specialists,Network security and virtual private network VPN equipment software,N,Y,In Demand Only
Telecommunications Engineering Specialists,Operating system software,Y,N,Hot Only
Telecommunications Engineering Specialists,Spreadsheet software,Y,Y,Hot & In Demand
Telecommunications Engineering Specialists,Office suite software,Y,Y,Hot & In Demand
Telecommunications Engineering Specialists,Electronic mail software,Y,Y,Hot & In Demand
Telecommunications Engineering Specialists,Presentation software,Y,Y,Hot & In Demand
Telecommunications Engineering Specialists,Development environment software,Y,N,Hot Only
Telecommunications Engineering Specialists,Project management software,Y,N,Hot Only
Telecommunications Engineering Specialists,Data base user interface and query software,Y,N,Hot Only
Telecommunications Engineering Specialists,Project management software,Y,N,Hot Only
Telecommunications Engineering Specialists,Process mapping and design software,Y,Y,Hot & In Demand
Telecommunications Engineering Specialists,Operating system software,Y,N,Hot Only
Telecommunications Engineering Specialists,Operating system software,Y,N,Hot Only
Telecommunications Engineering Specialists,Word processing software,Y,N,Hot Only
Telecommunications Engineering Specialists,Operating system software,N,Y,In Demand Only
Telecommunications Engineering Specialists,Object or component oriented development software,Y,N,Hot Only
Telecommunications Engineering Specialists,Object or component oriented development software,Y,N,Hot Only
Telecommunications Engineering Specialists,Object or component oriented development software,Y,N,Hot Only
Telecommunications Engineering Specialists,Operating system software,Y,N,Hot Only
Telecommunications Engineering Specialists,Data base user interface and query software,Y,N,Hot Only
Telecommunications Engineering Specialists,Operating system software,Y,N,Hot Only
Database Administrators,Web platform development software,Y,N,Hot Only
Database Administrators,Data base management system software,Y,N,Hot Only
Database Administrators,Data base user interface and query software,Y,N,Hot Only
Database Administrators,Data base user interface and query software,Y,Y,Hot & In Demand
Database Administrators,Cloud-based management software,Y,N,Hot Only
Database Administrators,Data base user interface and query software,Y,Y,Hot & In Demand
Database Administrators,Expert system software,Y,N,Hot Only
Database Administrators,Procedure management software,Y,Y,Hot & In Demand
Database Administrators,Data base management system software,Y,N,Hot Only
Database Administrators,Data base management system software,Y,Y,Hot & In Demand
Database Administrators,Data base user interface and query software,Y,N,Hot Only
Database Administrators,Development environment software,Y,Y,Hot & In Demand
Database Administrators,Development environment software,Y,N,Hot Only
Database Administrators,Business intelligence and data analysis software,Y,Y,Hot & In Demand
Database Administrators,File versioning software,Y,N,Hot Only
Database Administrators,Web platform development software,Y,N,Hot Only
Database Administrators,Operating system software,Y,N,Hot Only
Database Administrators,Project management software,Y,N,Hot Only
Database Administrators,Content workflow software,Y,N,Hot Only
Database Administrators,Computer aided design CAD software,Y,N,Hot Only
Database Administrators,Operating system software,Y,N,Hot Only
Database Administrators,Development environment software,Y,N,Hot Only
Database Administrators,Object or component oriented development software,Y,N,Hot Only
Database Administrators,Object or component oriented development software,Y,N,Hot Only
Database Administrators,Web platform development software,Y,N,Hot Only
Database Administrators,Configuration management software,Y,N,Hot Only
Database Administrators,Video conferencing software,Y,N,Hot Only
Database Administrators,Web platform development software,Y,N,Hot Only
Database Administrators,Application server software,Y,N,Hot Only
Database Administrators,Development environment software,Y,N,Hot Only
Database Administrators,Data base management system software,Y,N,Hot Only
Database Administrators,Medical software,Y,N,Hot Only
Database Administrators,Geographic information system,Y,N,Hot Only
Database Administrators,Enterprise application integration software,Y,N,Hot Only
Database Administrators,File versioning software,Y,Y,Hot & In Demand
Database Administrators,Application server software,Y,N,Hot Only
Database Administrators,Development environment software,Y,N,Hot Only
Database Administrators,Data mining software,Y,N,Hot Only
Database Administrators,Web platform development software,Y,N,Hot Only
Database Administrators,Object oriented data base management software,Y,N,Hot Only
Database Administrators,Web platform development software,Y,N,Hot Only
Database Administrators,Data base user interface and query software,Y,N,Hot Only
Database Administrators,Analytical or scientific software,Y,N,Hot Only
Database Administrators,Metadata management software,Y,Y,Hot & In Demand
Database Administrators,Web platform development software,Y,N,Hot Only
Database Administrators,Web platform development software,Y,N,Hot Only
Database Administrators,Object or component oriented development software,Y,N,Hot Only
Database Administrators,Program testing software,Y,N,Hot Only
Database Administrators,Operating system software,Y,Y,Hot & In Demand
Database Administrators,Sales and marketing software,Y,N,Hot Only
Database Administrators,Development environment software,Y,N,Hot Only
Database Administrators,Data base user interface and query software,Y,Y,Hot & In Demand
Database Administrators,Web platform development software,Y,N,Hot Only
Database Administrators,Web platform development software,Y,N,Hot Only
Database Administrators,Cloud-based management software,N,Y,In Demand Only
Database Administrators,Development environment software,Y,Y,Hot & In Demand
Database Administrators,Spreadsheet software,Y,Y,Hot & In Demand
Database Administrators,Office suite software,Y,Y,Hot & In Demand
Database Administrators,Electronic mail software,Y,N,Hot Only
Database Administrators,Business intelligence and data analysis software,Y,Y,Hot & In Demand
Database Administrators,Presentation software,Y,N,Hot Only
Database Administrators,Development environment software,Y,N,Hot Only
Database Administrators,Project management software,Y,N,Hot Only
Database Administrators,Document management software,Y,N,Hot Only
Database Administrators,Data base user interface and query software,Y,Y,Hot & In Demand
Database Administrators,Enterprise application integration software,Y,Y,Hot & In Demand
Database Administrators,Data base reporting software,Y,N,Hot Only
Database Administrators,Process mapping and design software,Y,N,Hot Only
Database Administrators,Development environment software,Y,N,Hot Only
Database Administrators,Development environment software,Y,N,Hot Only
Database Administrators,Development environment software,Y,N,Hot Only
Database Administrators,Operating system software,Y,N,Hot Only
Database Administrators,Operating system software,Y,N,Hot Only
Database Administrators,Word processing software,Y,N,Hot Only
Database Administrators,Data base management system software,Y,N,Hot Only
Database Administrators,Data base user interface and query software,Y,Y,Hot & In Demand
Database Administrators,Web platform development software,Y,N,Hot Only
Database Administrators,Data base management system software,Y,Y,Hot & In Demand
Database Administrators,Operating system software,N,Y,In Demand Only
Database Administrators,Data base user interface and query software,Y,Y,Hot & In Demand
Database Administrators,Object or component oriented development software,Y,Y,Hot & In Demand
Database Administrators,Enterprise resource planning ERP software,Y,N,Hot Only
Database Administrators,Data base management system software,Y,Y,Hot & In Demand
Database Administrators,Project management software,Y,N,Hot Only
Database Administrators,Development environment software,Y,N,Hot Only
Database Administrators,Object or component oriented development software,Y,N,Hot Only
Database Administrators,Web platform development software,Y,N,Hot Only
Database Administrators,Object oriented data base management software,Y,Y,Hot & In Demand
Database Administrators,Configuration management software,Y,N,Hot Only
Database Administrators,Data base user interface and query software,N,Y,In Demand Only
Database Administrators,Object or component oriented development software,Y,Y,Hot & In Demand
Database Administrators,Object or component oriented development software,Y,N,Hot Only
Database Administrators,Operating system software,Y,N,Hot Only
Database Administrators,Application server software,Y,N,Hot Only
Database Administrators,Development environment software,Y,N,Hot Only
Database Administrators,Customer relationship management CRM software,Y,Y,Hot & In Demand
Database Administrators,Enterprise resource planning ERP software,Y,N,Hot Only
Database Administrators,Analytical or scientific software,Y,N,Hot Only
Database Administrators,Object or component oriented development software,Y,Y,Hot & In Demand
Database Administrators,Program testing software,Y,N,Hot Only
Database Administrators,Operating system software,Y,N,Hot Only
Database Administrators,Data mining software,Y,Y,Hot & In Demand
Database Administrators,Cloud-based management software,Y,N,Hot Only
Database Administrators,Application server software,Y,N,Hot Only
Database Administrators,Web platform development software,Y,N,Hot Only
Database Administrators,Data base user interface and query software,Y,Y,Hot & In Demand
Database Administrators,Object or component oriented development software,Y,N,Hot Only
Database Administrators,Business intelligence and data analysis software,Y,Y,Hot & In Demand
Database Administrators,Data base management system software,Y,N,Hot Only
Database Administrators,Analytical or scientific software,Y,N,Hot Only
Database Administrators,Object oriented data base management software,Y,N,Hot Only
Database Administrators,Operating system software,Y,Y,Hot & In Demand
Database Administrators,Operating system software,Y,N,Hot Only
Database Architects,Document management software,Y,N,Hot Only
Database Architects,Web platform development software,Y,N,Hot Only
Database Architects,Data base management system software,Y,N,Hot Only
Database Architects,Data base user interface and query software,Y,N,Hot Only
Database Architects,Data base user interface and query software,Y,N,Hot Only
Database Architects,Cloud-based management software,Y,N,Hot Only
Database Architects,Data base user interface and query software,Y,Y,Hot & In Demand
Database Architects,Expert system software,Y,N,Hot Only
Database Architects,Procedure management software,Y,N,Hot Only
Database Architects,Data base management system software,Y,N,Hot Only
Database Architects,Data base management system software,Y,N,Hot Only
Database Architects,Data base user interface and query software,Y,N,Hot Only
Database Architects,Development environment software,Y,N,Hot Only
Database Architects,Development environment software,Y,N,Hot Only
Database Architects,Object or component oriented development software,Y,Y,Hot & In Demand
Database Architects,File versioning software,Y,N,Hot Only
Database Architects,Web platform development software,Y,N,Hot Only
Database Architects,Operating system software,Y,N,Hot Only
Database Architects,Project management software,Y,N,Hot Only
Database Architects,Content workflow software,Y,N,Hot Only
Database Architects,Computer aided design CAD software,Y,N,Hot Only
Database Architects,Operating system software,Y,N,Hot Only
Database Architects,Development environment software,Y,N,Hot Only
Database Architects,Object or component oriented development software,Y,N,Hot Only
Database Architects,Object or component oriented development software,Y,N,Hot Only
Database Architects,Web platform development software,Y,N,Hot Only
Database Architects,Configuration management software,Y,N,Hot Only
Database Architects,Video conferencing software,Y,N,Hot Only
Database Architects,Web platform development software,Y,N,Hot Only
Database Architects,Application server software,Y,N,Hot Only
Database Architects,Development environment software,Y,N,Hot Only
Database Architects,Data base management system software,Y,N,Hot Only
Database Architects,Medical software,Y,N,Hot Only
Database Architects,Geographic information system,Y,N,Hot Only
Database Architects,Enterprise application integration software,Y,N,Hot Only
Database Architects,File versioning software,Y,N,Hot Only
Database Architects,Application server software,Y,N,Hot Only
Database Architects,Development environment software,Y,N,Hot Only
Database Architects,Data mining software,Y,N,Hot Only
Database Architects,Web platform development software,Y,N,Hot Only
Database Architects,Word processing software,Y,N,Hot Only
Database Architects,Object oriented data base management software,Y,N,Hot Only
Database Architects,Web platform development software,Y,N,Hot Only
Database Architects,Data base user interface and query software,Y,N,Hot Only
Database Architects,Analytical or scientific software,Y,N,Hot Only
Database Architects,Metadata management software,Y,N,Hot Only
Database Architects,Web platform development software,Y,N,Hot Only
Database Architects,Web platform development software,Y,N,Hot Only
Database Architects,Object or component oriented development software,Y,N,Hot Only
Database Architects,Program testing software,Y,N,Hot Only
Database Architects,Operating system software,Y,N,Hot Only
Database Architects,Development environment software,Y,N,Hot Only
Database Architects,Data base user interface and query software,Y,N,Hot Only
Database Architects,Web platform development software,Y,N,Hot Only
Database Architects,Web platform development software,Y,N,Hot Only
Database Architects,Development environment software,Y,Y,Hot & In Demand
Database Architects,Spreadsheet software,Y,Y,Hot & In Demand
Database Architects,Office suite software,Y,Y,Hot & In Demand
Database Architects,Electronic mail software,Y,N,Hot Only
Database Architects,Business intelligence and data analysis software,Y,Y,Hot & In Demand
Database Architects,Presentation software,Y,Y,Hot & In Demand
Database Architects,Development environment software,Y,N,Hot Only
Database Architects,Project management software,Y,N,Hot Only
Database Architects,Document management software,Y,N,Hot Only
Database Architects,Data base user interface and query software,Y,N,Hot Only
Database Architects,Enterprise application integration software,Y,N,Hot Only
Database Architects,Data base reporting software,Y,N,Hot Only
Database Architects,Process mapping and design software,Y,N,Hot Only
Database Architects,Development environment software,Y,N,Hot Only
Database Architects,Development environment software,Y,N,Hot Only
Database Architects,Development environment software,Y,N,Hot Only
Database Architects,Operating system software,Y,N,Hot Only
Database Architects,Operating system software,Y,N,Hot Only
Database Architects,Word processing software,Y,N,Hot Only
Database Architects,Data base management system software,Y,N,Hot Only
Database Architects,Data base management system software,Y,N,Hot Only
Database Architects,Web platform development software,Y,N,Hot Only
Database Architects,Data base management system software,Y,N,Hot Only
Database Architects,Data base user interface and query software,Y,N,Hot Only
Database Architects,Object or component oriented development software,Y,Y,Hot & In Demand
Database Architects,Enterprise resource planning ERP software,Y,N,Hot Only
Database Architects,Data base management system software,Y,N,Hot Only
Database Architects,Project management software,Y,N,Hot Only
Database Architects,Development environment software,Y,N,Hot Only
Database Architects,Object or component oriented development software,Y,N,Hot Only
Database Architects,Web platform development software,Y,N,Hot Only
Database Architects,Object oriented data base management software,Y,N,Hot Only
Database Architects,Configuration management software,Y,N,Hot Only
Database Architects,Object or component oriented development software,Y,Y,Hot & In Demand
Database Architects,Object or component oriented development software,Y,Y,Hot & In Demand
Database Architects,Web platform development software,Y,N,Hot Only
Database Architects,Operating system software,Y,N,Hot Only
Database Architects,Application server software,Y,N,Hot Only
Database Architects,Development environment software,Y,N,Hot Only
Database Architects,Customer relationship management CRM software,Y,N,Hot Only
Database Architects,Enterprise resource planning ERP software,Y,N,Hot Only
Database Architects,Analytical or scientific software,Y,N,Hot Only
Database Architects,Object or component oriented development software,Y,N,Hot Only
Database Architects,Program testing software,Y,N,Hot Only
Database Architects,Operating system software,Y,N,Hot Only
Database Architects,Data mining software,Y,Y,Hot & In Demand
Database Architects,Cloud-based management software,Y,N,Hot Only
Database Architects,Application server software,Y,N,Hot Only
Database Architects,Web platform development software,Y,N,Hot Only
Database Architects,Data base user interface and query software,Y,Y,Hot & In Demand
Database Architects,Object or component oriented development software,Y,N,Hot Only
Database Architects,Business intelligence and data analysis software,Y,Y,Hot & In Demand
Database Architects,Data base management system software,Y,N,Hot Only
Database Architects,Analytical or scientific software,Y,N,Hot Only
Database Architects,Data base user interface and query software,Y,N,Hot Only
Database Architects,Operating system software,Y,N,Hot Only
Database Architects,Operating system software,Y,N,Hot Only
Data Warehousing Specialists,Data base management system software,Y,N,Hot Only
Data Warehousing Specialists,Data base user interface and query software,Y,N,Hot Only
Data Warehousing Specialists,Data base user interface and query software,Y,N,Hot Only
Data Warehousing Specialists,Data base user interface and query software,Y,N,Hot Only
Data Warehousing Specialists,Data base management system software,Y,N,Hot Only
Data Warehousing Specialists,Data base management system software,Y,N,Hot Only
Data Warehousing Specialists,Data base user interface and query software,Y,N,Hot Only
Data Warehousing Specialists,Development environment software,Y,N,Hot Only
Data Warehousing Specialists,Object or component oriented development software,Y,N,Hot Only
Data Warehousing Specialists,File versioning software,Y,N,Hot Only
Data Warehousing Specialists,Operating system software,Y,N,Hot Only
Data Warehousing Specialists,Content workflow software,Y,N,Hot Only
Data Warehousing Specialists,Operating system software,Y,N,Hot Only
Data Warehousing Specialists,Development environment software,Y,N,Hot Only
Data Warehousing Specialists,Object or component oriented development software,Y,N,Hot Only
Data Warehousing Specialists,Object or component oriented development software,Y,N,Hot Only
Data Warehousing Specialists,Development environment software,Y,N,Hot Only
Data Warehousing Specialists,Geographic information system,Y,N,Hot Only
Data Warehousing Specialists,Enterprise application integration software,Y,N,Hot Only
Data Warehousing Specialists,Analytical or scientific software,Y,N,Hot Only
Data Warehousing Specialists,Metadata management software,Y,N,Hot Only
Data Warehousing Specialists,Operating system software,Y,N,Hot Only
Data Warehousing Specialists,Development environment software,Y,N,Hot Only
Data Warehousing Specialists,Data base user interface and query software,Y,Y,Hot & In Demand
Data Warehousing Specialists,Development environment software,Y,N,Hot Only
Data Warehousing Specialists,Spreadsheet software,Y,Y,Hot & In Demand
Data Warehousing Specialists,Office suite software,Y,Y,Hot & In Demand
Data Warehousing Specialists,Electronic mail software,Y,Y,Hot & In Demand
Data Warehousing Specialists,Business intelligence and data analysis software,Y,Y,Hot & In Demand
Data Warehousing Specialists,Presentation software,Y,Y,Hot & In Demand
Data Warehousing Specialists,Project management software,Y,N,Hot Only
Data Warehousing Specialists,Document management software,Y,N,Hot Only
Data Warehousing Specialists,Data base user interface and query software,Y,N,Hot Only
Data Warehousing Specialists,Enterprise application integration software,Y,N,Hot Only
Data Warehousing Specialists,Data base reporting software,Y,N,Hot Only
Data Warehousing Specialists,Process mapping and design software,Y,N,Hot Only
Data Warehousing Specialists,Development environment software,Y,N,Hot Only
Data Warehousing Specialists,Development environment software,Y,N,Hot Only
Data Warehousing Specialists,Operating system software,Y,N,Hot Only
Data Warehousing Specialists,Word processing software,Y,N,Hot Only
Data Warehousing Specialists,Data base management system software,Y,N,Hot Only
Data Warehousing Specialists,Data base user interface and query software,Y,N,Hot Only
Data Warehousing Specialists,Data base management system software,Y,N,Hot Only
Data Warehousing Specialists,Data base user interface and query software,N,Y,In Demand Only
Data Warehousing Specialists,Data base user interface and query software,Y,N,Hot Only
Data Warehousing Specialists,Object or component oriented development software,Y,N,Hot Only
Data Warehousing Specialists,Enterprise resource planning ERP software,Y,N,Hot Only
Data Warehousing Specialists,Data base management system software,Y,N,Hot Only
Data Warehousing Specialists,Object or component oriented development software,Y,N,Hot Only
Data Warehousing Specialists,Object oriented data base management software,Y,N,Hot Only
Data Warehousing Specialists,Object or component oriented development software,Y,Y,Hot & In Demand
Data Warehousing Specialists,Object or component oriented development software,Y,N,Hot Only
Data Warehousing Specialists,Operating system software,Y,N,Hot Only
Data Warehousing Specialists,Enterprise resource planning ERP software,Y,N,Hot Only
Data Warehousing Specialists,Analytical or scientific software,Y,N,Hot Only
Data Warehousing Specialists,Object or component oriented development software,Y,N,Hot Only
Data Warehousing Specialists,Operating system software,Y,N,Hot Only
Data Warehousing Specialists,Cloud-based management software,Y,N,Hot Only
Data Warehousing Specialists,Data base user interface and query software,Y,Y,Hot & In Demand
Data Warehousing Specialists,Business intelligence and data analysis software,Y,Y,Hot & In Demand
Data Warehousing Specialists,Data base management system software,Y,N,Hot Only
Data Warehousing Specialists,Analytical or scientific software,Y,N,Hot Only
Data Warehousing Specialists,Data base user interface and query software,Y,N,Hot Only
Data Warehousing Specialists,Operating system software,Y,N,Hot Only
Data Warehousing Specialists,Operating system software,Y,N,Hot Only
Network and Computer Systems Administrators,Document management software,Y,N,Hot Only
Network and Computer Systems Administrators,Web platform development software,Y,N,Hot Only
Network and Computer Systems Administrators,Data base management system software,Y,N,Hot Only
Network and Computer Systems Administrators,Data base user interface and query software,Y,N,Hot Only
Network and Computer Systems Administrators,Data base user interface and query software,Y,N,Hot Only
Network and Computer Systems Administrators,Cloud-based management software,Y,N,Hot Only
Network and Computer Systems Administrators,Data base user interface and query software,Y,Y,Hot & In Demand
Network and Computer Systems Administrators,Expert system software,Y,Y,Hot & In Demand
Network and Computer Systems Administrators,Data base management system software,Y,N,Hot Only
Network and Computer Systems Administrators,Data base management system software,Y,N,Hot Only
Network and Computer Systems Administrators,Data base management system software,Y,N,Hot Only
Network and Computer Systems Administrators,Development environment software,Y,N,Hot Only
Network and Computer Systems Administrators,Development environment software,Y,N,Hot Only
Network and Computer Systems Administrators,Business intelligence and data analysis software,Y,N,Hot Only
Network and Computer Systems Administrators,File versioning software,Y,N,Hot Only
Network and Computer Systems Administrators,Web platform development software,Y,N,Hot Only
Network and Computer Systems Administrators,Operating system software,Y,N,Hot Only
Network and Computer Systems Administrators,Project management software,Y,N,Hot Only
Network and Computer Systems Administrators,Content workflow software,Y,N,Hot Only
Network and Computer Systems Administrators,Operating system software,Y,Y,Hot & In Demand
Network and Computer Systems Administrators,Switch or router software,Y,N,Hot Only
Network and Computer Systems Administrators,Development environment software,Y,N,Hot Only
Network and Computer Systems Administrators,Object or component oriented development software,Y,N,Hot Only
Network and Computer Systems Administrators,Object or component oriented development software,Y,N,Hot Only
Network and Computer Systems Administrators,Configuration management software,Y,N,Hot Only
Network and Computer Systems Administrators,Video conferencing software,Y,N,Hot Only
Network and Computer Systems Administrators,Web platform development software,Y,N,Hot Only
Network and Computer Systems Administrators,Application server software,Y,N,Hot Only
Network and Computer Systems Administrators,Development environment software,Y,N,Hot Only
Network and Computer Systems Administrators,Data base management system software,Y,N,Hot Only
Network and Computer Systems Administrators,Medical software,Y,N,Hot Only
Network and Computer Systems Administrators,Geographic information system,Y,N,Hot Only
Network and Computer Systems Administrators,Enterprise application integration software,Y,N,Hot Only
Network and Computer Systems Administrators,Network security and virtual private network VPN equipment software,N,Y,In Demand Only
Network and Computer Systems Administrators,File versioning software,Y,N,Hot Only
Network and Computer Systems Administrators,Application server software,Y,N,Hot Only
Network and Computer Systems Administrators,Development environment software,Y,N,Hot Only
Network and Computer Systems Administrators,Object oriented data base management software,Y,N,Hot Only
Network and Computer Systems Administrators,Web platform development software,Y,N,Hot Only
Network and Computer Systems Administrators,Web platform development software,Y,N,Hot Only
Network and Computer Systems Administrators,Web platform development software,Y,N,Hot Only
Network and Computer Systems Administrators,Object or component oriented development software,Y,N,Hot Only
Network and Computer Systems Administrators,Operating system software,Y,Y,Hot & In Demand
Network and Computer Systems Administrators,Sales and marketing software,Y,N,Hot Only
Network and Computer Systems Administrators,Development environment software,Y,N,Hot Only
Network and Computer Systems Administrators,Data base user interface and query software,Y,N,Hot Only
Network and Computer Systems Administrators,Internet directory services software,Y,Y,Hot & In Demand
Network and Computer Systems Administrators,Web platform development software,Y,N,Hot Only
Network and Computer Systems Administrators,Web platform development software,Y,N,Hot Only
Network and Computer Systems Administrators,Development environment software,Y,Y,Hot & In Demand
Network and Computer Systems Administrators,Spreadsheet software,Y,Y,Hot & In Demand
Network and Computer Systems Administrators,Office suite software,Y,Y,Hot & In Demand
Network and Computer Systems Administrators,Electronic mail software,Y,N,Hot Only
Network and Computer Systems Administrators,Presentation software,Y,N,Hot Only
Network and Computer Systems Administrators,Development environment software,Y,Y,Hot & In Demand
Network and Computer Systems Administrators,Project management software,Y,N,Hot Only
Network and Computer Systems Administrators,Document management software,Y,Y,Hot & In Demand
Network and Computer Systems Administrators,Data base user interface and query software,Y,N,Hot Only
Network and Computer Systems Administrators,Enterprise application integration software,Y,N,Hot Only
Network and Computer Systems Administrators,Data base reporting software,Y,N,Hot Only
Network and Computer Systems Administrators,Project management software,Y,N,Hot Only
Network and Computer Systems Administrators,Process mapping and design software,Y,N,Hot Only
Network and Computer Systems Administrators,Development environment software,Y,N,Hot Only
Network and Computer Systems Administrators,Development environment software,Y,N,Hot Only
Network and Computer Systems Administrators,Development environment software,Y,N,Hot Only
Network and Computer Systems Administrators,Operating system software,Y,Y,Hot & In Demand
Network and Computer Systems Administrators,Operating system software,Y,Y,Hot & In Demand
Network and Computer Systems Administrators,Data base management system software,Y,N,Hot Only
Network and Computer Systems Administrators,Data base management system software,Y,N,Hot Only
Network and Computer Systems Administrators,Web platform development software,Y,N,Hot Only
Network and Computer Systems Administrators,Data base management system software,Y,N,Hot Only
Network and Computer Systems Administrators,Operating system software,N,Y,In Demand Only
Network and Computer Systems Administrators,Data base user interface and query software,Y,N,Hot Only
Network and Computer Systems Administrators,Object or component oriented development software,Y,N,Hot Only
Network and Computer Systems Administrators,Enterprise resource planning ERP software,Y,N,Hot Only
Network and Computer Systems Administrators,Data base management system software,Y,N,Hot Only
Network and Computer Systems Administrators,Project management software,Y,N,Hot Only
Network and Computer Systems Administrators,Object or component oriented development software,Y,N,Hot Only
Network and Computer Systems Administrators,Web platform development software,Y,N,Hot Only
Network and Computer Systems Administrators,Object oriented data base management software,Y,N,Hot Only
Network and Computer Systems Administrators,Configuration management software,Y,N,Hot Only
Network and Computer Systems Administrators,Object or component oriented development software,Y,Y,Hot & In Demand
Network and Computer Systems Administrators,Operating system software,Y,Y,Hot & In Demand
Network and Computer Systems Administrators,Application server software,Y,N,Hot Only
Network and Computer Systems Administrators,Development environment software,Y,N,Hot Only
Network and Computer Systems Administrators,Enterprise resource planning ERP software,Y,N,Hot Only
Network and Computer Systems Administrators,Analytical or scientific software,Y,N,Hot Only
Network and Computer Systems Administrators,Data base user interface and query software,Y,Y,Hot & In Demand
Network and Computer Systems Administrators,Operating system software,Y,N,Hot Only
Network and Computer Systems Administrators,Cloud-based management software,Y,N,Hot Only
Network and Computer Systems Administrators,Data base user interface and query software,Y,Y,Hot & In Demand
Network and Computer Systems Administrators,Object or component oriented development software,Y,N,Hot Only
Network and Computer Systems Administrators,Business intelligence and data analysis software,Y,N,Hot Only
Network and Computer Systems Administrators,Data base management system software,Y,N,Hot Only
Network and Computer Systems Administrators,Data base user interface and query software,Y,N,Hot Only
Network and Computer Systems Administrators,Operating system software,Y,Y,Hot & In Demand
Network and Computer Systems Administrators,Operating system software,Y,N,Hot Only
Computer Programmers,Document management software,Y,N,Hot Only
Computer Programmers,Graphics or photo imaging software,Y,N,Hot Only
Computer Programmers,Graphics or photo imaging software,Y,N,Hot Only
Computer Programmers,Web platform development software,Y,N,Hot Only
Computer Programmers,Data base management system software,Y,N,Hot Only
Computer Programmers,Data base user interface and query software,Y,N,Hot Only
Computer Programmers,Data base user interface and query software,Y,N,Hot Only
Computer Programmers,Cloud-based management software,Y,N,Hot Only
Computer Programmers,Data base user interface and query software,Y,N,Hot Only
Computer Programmers,Expert system software,Y,N,Hot Only
Computer Programmers,Data base management system software,Y,N,Hot Only
Computer Programmers,Data base management system software,Y,N,Hot Only
Computer Programmers,Data base user interface and query software,Y,N,Hot Only
Computer Programmers,Development environment software,Y,N,Hot Only
Computer Programmers,Development environment software,Y,N,Hot Only
Computer Programmers,Object or component oriented development software,Y,N,Hot Only
Computer Programmers,File versioning software,Y,N,Hot Only
Computer Programmers,Web platform development software,Y,N,Hot Only
Computer Programmers,Project management software,Y,N,Hot Only
Computer Programmers,Content workflow software,Y,N,Hot Only
Computer Programmers,Operating system software,Y,N,Hot Only
Computer Programmers,Computer aided design CAD software,Y,N,Hot Only
Computer Programmers,Development environment software,Y,N,Hot Only
Computer Programmers,Object or component oriented development software,Y,Y,Hot & In Demand
Computer Programmers,Object or component oriented development software,Y,Y,Hot & In Demand
Computer Programmers,Web platform development software,Y,Y,Hot & In Demand
Computer Programmers,Configuration management software,Y,N,Hot Only
Computer Programmers,Web platform development software,Y,N,Hot Only
Computer Programmers,Application server software,Y,N,Hot Only
Computer Programmers,Development environment software,Y,N,Hot Only
Computer Programmers,Data base management system software,Y,N,Hot Only
Computer Programmers,Medical software,Y,N,Hot Only
Computer Programmers,Geographic information system,Y,N,Hot Only
Computer Programmers,Enterprise application integration software,Y,Y,Hot & In Demand
Computer Programmers,File versioning software,Y,Y,Hot & In Demand
Computer Programmers,Application server software,Y,N,Hot Only
Computer Programmers,Development environment software,Y,N,Hot Only
Computer Programmers,Data mining software,Y,N,Hot Only
Computer Programmers,Web platform development software,Y,N,Hot Only
Computer Programmers,Object oriented data base management software,Y,N,Hot Only
Computer Programmers,Web platform development software,Y,Y,Hot & In Demand
Computer Programmers,Data base user interface and query software,Y,N,Hot Only
Computer Programmers,Analytical or scientific software,Y,N,Hot Only
Computer Programmers,Web platform development software,Y,Y,Hot & In Demand
Computer Programmers,Web platform development software,Y,N,Hot Only
Computer Programmers,Object or component oriented development software,Y,N,Hot Only
Computer Programmers,Program testing software,Y,N,Hot Only
Computer Programmers,Operating system software,Y,Y,Hot & In Demand
Computer Programmers,Development environment software,Y,N,Hot Only
Computer Programmers,Data base user interface and query software,Y,N,Hot Only
Computer Programmers,Web platform development software,Y,N,Hot Only
Computer Programmers,Web platform development software,Y,N,Hot Only
Computer Programmers,Development environment software,Y,N,Hot Only
Computer Programmers,Spreadsheet software,Y,Y,Hot & In Demand
Computer Programmers,Office suite software,Y,Y,Hot & In Demand
Computer Programmers,Presentation software,Y,Y,Hot & In Demand
Computer Programmers,Development environment software,Y,N,Hot Only
Computer Programmers,Project management software,Y,N,Hot Only
Computer Programmers,Document management software,Y,N,Hot Only
Computer Programmers,Data base user interface and query software,Y,Y,Hot & In Demand
Computer Programmers,Enterprise application integration software,Y,N,Hot Only
Computer Programmers,Data base reporting software,Y,N,Hot Only
Computer Programmers,Process mapping and design software,Y,N,Hot Only
Computer Programmers,Development environment software,Y,N,Hot Only
Computer Programmers,Development environment software,Y,N,Hot Only
Computer Programmers,Development environment software,Y,Y,Hot & In Demand
Computer Programmers,Operating system software,Y,N,Hot Only
Computer Programmers,Operating system software,Y,N,Hot Only
Computer Programmers,Word processing software,Y,N,Hot Only
Computer Programmers,Data base management system software,Y,N,Hot Only
Computer Programmers,Data base management system software,Y,N,Hot Only
Computer Programmers,Web platform development software,Y,N,Hot Only
Computer Programmers,Data base management system software,Y,N,Hot Only
Computer Programmers,Operating system software,N,Y,In Demand Only
Computer Programmers,Data base user interface and query software,Y,N,Hot Only
Computer Programmers,Object or component oriented development software,Y,Y,Hot & In Demand
Computer Programmers,Enterprise resource planning ERP software,Y,N,Hot Only
Computer Programmers,Data base management system software,Y,N,Hot Only
Computer Programmers,Object or component oriented development software,Y,N,Hot Only
Computer Programmers,Web platform development software,Y,N,Hot Only
Computer Programmers,Object oriented data base management software,Y,N,Hot Only
Computer Programmers,Configuration management software,Y,N,Hot Only
Computer Programmers,Object or component oriented development software,Y,Y,Hot & In Demand
Computer Programmers,Object or component oriented development software,Y,Y,Hot & In Demand
Computer Programmers,Web platform development software,Y,N,Hot Only
Computer Programmers,Operating system software,Y,N,Hot Only
Computer Programmers,Application server software,Y,N,Hot Only
Computer Programmers,Development environment software,Y,N,Hot Only
Computer Programmers,Enterprise resource planning ERP software,Y,N,Hot Only
Computer Programmers,Analytical or scientific software,Y,Y,Hot & In Demand
Computer Programmers,Object or component oriented development software,Y,N,Hot Only
Computer Programmers,Program testing software,Y,N,Hot Only
Computer Programmers,Operating system software,Y,N,Hot Only
Computer Programmers,Cloud-based management software,Y,N,Hot Only
Computer Programmers,Application server software,Y,N,Hot Only
Computer Programmers,Web platform development software,Y,N,Hot Only
Computer Programmers,Data base user interface and query software,Y,Y,Hot & In Demand
Computer Programmers,Object or component oriented development software,Y,N,Hot Only
Computer Programmers,Business intelligence and data analysis software,Y,N,Hot Only
Computer Programmers,Data base management system software,Y,N,Hot Only
Computer Programmers,Analytical or scientific software,Y,N,Hot Only
Computer Programmers,Data base user interface and query software,Y,N,Hot Only
Computer Programmers,Operating system software,Y,N,Hot Only
Computer Programmers,Operating system software,Y,N,Hot Only
Software Developers,Document management software,Y,N,Hot Only
Software Developers,Video creation and editing software,Y,N,Hot Only
Software Developers,Graphics or photo imaging software,Y,N,Hot Only
Software Developers,Graphics or photo imaging software,Y,N,Hot Only
Software Developers,Desktop publishing software,Y,N,Hot Only
Software Developers,Graphics or photo imaging software,Y,N,Hot Only
Software Developers,Web platform development software,Y,N,Hot Only
Software Developers,Business intelligence and data analysis software,Y,N,Hot Only
Software Developers,Data base management system software,Y,N,Hot Only
Software Developers,Data base user interface and query software,Y,N,Hot Only
Software Developers,Data base user interface and query software,Y,N,Hot Only
Software Developers,Cloud-based management software,Y,N,Hot Only
Software Developers,Data base user interface and query software,Y,Y,Hot & In Demand
Software Developers,Expert system software,Y,N,Hot Only
Software Developers,Procedure management software,Y,N,Hot Only
Software Developers,Data base management system software,Y,N,Hot Only
Software Developers,Data base management system software,Y,N,Hot Only
Software Developers,Data base user interface and query software,Y,N,Hot Only
Software Developers,Development environment software,Y,Y,Hot & In Demand
Software Developers,Development environment software,Y,N,Hot Only
Software Developers,Object or component oriented development software,Y,N,Hot Only
Software Developers,File versioning software,Y,N,Hot Only
Software Developers,Web platform development software,Y,N,Hot Only
Software Developers,Operating system software,Y,N,Hot Only
Software Developers,Operating system software,Y,N,Hot Only
Software Developers,Application server software,Y,N,Hot Only
Software Developers,Project management software,Y,N,Hot Only
Software Developers,Content workflow software,Y,Y,Hot & In Demand
Software Developers,Operating system software,Y,N,Hot Only
Software Developers,Web platform development software,Y,N,Hot Only
Software Developers,Switch or router software,Y,N,Hot Only
Software Developers,Development environment software,Y,Y,Hot & In Demand
Software Developers,Object or component oriented development software,Y,Y,Hot & In Demand
Software Developers,Object or component oriented development software,Y,Y,Hot & In Demand
Software Developers,Web platform development software,Y,Y,Hot & In Demand
Software Developers,Configuration management software,Y,N,Hot Only
Software Developers,Video conferencing software,Y,N,Hot Only
Software Developers,Web platform development software,Y,N,Hot Only
Software Developers,Application server software,Y,Y,Hot & In Demand
Software Developers,Development environment software,Y,N,Hot Only
Software Developers,Data base management system software,Y,N,Hot Only
Software Developers,Map creation software,Y,N,Hot Only
Software Developers,Enterprise application integration software,Y,Y,Hot & In Demand
Software Developers,Graphical user interface development software,Y,N,Hot Only
Software Developers,File versioning software,Y,Y,Hot & In Demand
Software Developers,Application server software,Y,Y,Hot & In Demand
Software Developers,Application server software,Y,N,Hot Only
Software Developers,Development environment software,Y,N,Hot Only
Software Developers,Data mining software,Y,N,Hot Only
Software Developers,Operating system software,Y,N,Hot Only
Software Developers,Web platform development software,Y,Y,Hot & In Demand
Software Developers,Word processing software,Y,N,Hot Only
Software Developers,Spreadsheet software,Y,N,Hot Only
Software Developers,Data base user interface and query software,Y,N,Hot Only
Software Developers,Object oriented data base management software,Y,N,Hot Only
Software Developers,Web platform development software,Y,Y,Hot & In Demand
Software Developers,Data base user interface and query software,Y,N,Hot Only
Software Developers,Analytical or scientific software,Y,N,Hot Only
Software Developers,Configuration management software,Y,Y,Hot & In Demand
Software Developers,Cloud-based management software,Y,N,Hot Only
Software Developers,Metadata management software,Y,N,Hot Only
Software Developers,Web platform development software,Y,Y,Hot & In Demand
Software Developers,Web platform development software,Y,Y,Hot & In Demand
Software Developers,Enterprise application integration software,Y,Y,Hot & In Demand
Software Developers,Object or component oriented development software,Y,N,Hot Only
Software Developers,Program testing software,Y,N,Hot Only
Software Developers,Application server software,Y,Y,Hot & In Demand
Software Developers,Operating system software,Y,Y,Hot & In Demand
Software Developers,Sales and marketing software,Y,N,Hot Only
Software Developers,Development environment software,Y,Y,Hot & In Demand
Software Developers,Data base user interface and query software,Y,N,Hot Only
Software Developers,Internet directory services software,Y,N,Hot Only
Software Developers,Web platform development software,Y,N,Hot Only
Software Developers,Web platform development software,Y,N,Hot Only
Software Developers,Development environment software,Y,Y,Hot & In Demand
Software Developers,Spreadsheet software,Y,N,Hot Only
Software Developers,Office suite software,Y,N,Hot Only
Software Developers,Electronic mail software,Y,N,Hot Only
Software Developers,Enterprise application integration software,Y,N,Hot Only
Software Developers,Business intelligence and data analysis software,Y,N,Hot Only
Software Developers,Presentation software,Y,N,Hot Only
Software Developers,Development environment software,Y,N,Hot Only
Software Developers,Project management software,Y,N,Hot Only
Software Developers,Document management software,Y,N,Hot Only
Software Developers,Data base user interface and query software,Y,N,Hot Only
Software Developers,Enterprise application integration software,Y,N,Hot Only
Software Developers,Data base reporting software,Y,N,Hot Only
Software Developers,Project management software,Y,N,Hot Only
Software Developers,Project management software,Y,N,Hot Only
Software Developers,Process mapping and design software,Y,N,Hot Only
Software Developers,Development environment software,Y,N,Hot Only
Software Developers,Development environment software,Y,N,Hot Only
Software Developers,Development environment software,Y,N,Hot Only
Software Developers,Operating system software,Y,N,Hot Only
Software Developers,Operating system software,Y,N,Hot Only
Software Developers,Word processing software,Y,N,Hot Only
Software Developers,Data base management system software,Y,N,Hot Only
Software Developers,Data base user interface and query software,Y,N,Hot Only
Software Developers,Web platform development software,Y,Y,Hot & In Demand
Software Developers,Data base management system software,Y,Y,Hot & In Demand
Software Developers,Operating system software,N,Y,In Demand Only
Software Developers,Cloud-based management software,Y,N,Hot Only
Software Developers,Data base management system software,Y,N,Hot Only
Software Developers,Object or component oriented development software,Y,Y,Hot & In Demand
Software Developers,Development environment software,Y,N,Hot Only
Software Developers,Enterprise resource planning ERP software,Y,N,Hot Only
Software Developers,Data base management system software,Y,N,Hot Only
Software Developers,Project management software,Y,N,Hot Only
Software Developers,Development environment software,Y,N,Hot Only
Software Developers,Object or component oriented development software,Y,N,Hot Only
Software Developers,Web platform development software,Y,N,Hot Only
Software Developers,Object oriented data base management software,Y,Y,Hot & In Demand
Software Developers,Configuration management software,Y,N,Hot Only
Software Developers,Object or component oriented development software,Y,Y,Hot & In Demand
Software Developers,Data base user interface and query software,Y,N,Hot Only
Software Developers,Object or component oriented development software,Y,N,Hot Only
Software Developers,Web platform development software,Y,Y,Hot & In Demand
Software Developers,Operating system software,Y,N,Hot Only
Software Developers,Application server software,Y,N,Hot Only
Software Developers,Data base management system software,Y,N,Hot Only
Software Developers,Web platform development software,N,Y,In Demand Only
Software Developers,Development environment software,Y,N,Hot Only
Software Developers,Customer relationship management CRM software,Y,N,Hot Only
Software Developers,Enterprise resource planning ERP software,Y,N,Hot Only
Software Developers,Enterprise resource planning ERP software,Y,N,Hot Only
Software Developers,Analytical or scientific software,Y,N,Hot Only
Software Developers,Object or component oriented development software,Y,N,Hot Only
Software Developers,Program testing software,Y,N,Hot Only
Software Developers,Data base user interface and query software,Y,N,Hot Only
Software Developers,Operating system software,Y,N,Hot Only
Software Developers,Cloud-based data access and sharing software,Y,N,Hot Only
Software Developers,Data mining software,Y,N,Hot Only
Software Developers,Cloud-based management software,Y,N,Hot Only
Software Developers,Application server software,Y,Y,Hot & In Demand
Software Developers,Web platform development software,Y,Y,Hot & In Demand
Software Developers,Data base user interface and query software,Y,Y,Hot & In Demand
Software Developers,Object or component oriented development software,Y,N,Hot Only
Software Developers,Business intelligence and data analysis software,Y,N,Hot Only
Software Developers,Analytical or scientific software,Y,N,Hot Only
Software Developers,Data base management system software,Y,N,Hot Only
Software Developers,Analytical or scientific software,Y,N,Hot Only
Software Developers,Data base user interface and query software,Y,N,Hot Only
Software Developers,Graphics or photo imaging software,Y,N,Hot Only
Software Developers,Object or component oriented development software,Y,Y,Hot & In Demand
Software Developers,Operating system software,Y,N,Hot Only
Software Developers,Operating system software,Y,N,Hot Only
Software Developers,Web platform development software,Y,N,Hot Only
Software Developers,Web page creation and editing software,Y,N,Hot Only
Software Developers,Enterprise resource planning ERP software,Y,N,Hot Only
Software Developers,Video conferencing software,Y,N,Hot Only
Software Quality Assurance Analysts and Testers,Document management software,Y,N,Hot Only
Software Quality Assurance Analysts and Testers,Video creation and editing software,Y,N,Hot Only
Software Quality Assurance Analysts and Testers,Graphics or photo imaging software,Y,N,Hot Only
Software Quality Assurance Analysts and Testers,Graphics or photo imaging software,Y,N,Hot Only
Software Quality Assurance Analysts and Testers,Desktop publishing software,Y,N,Hot Only
Software Quality Assurance Analysts and Testers,Graphics or photo imaging software,Y,N,Hot Only
Software Quality Assurance Analysts and Testers,Web platform development software,Y,N,Hot Only
Software Quality Assurance Analysts and Testers,Data base management system software,Y,N,Hot Only
Software Quality Assurance Analysts and Testers,Data base user interface and query software,Y,N,Hot Only
Software Quality Assurance Analysts and Testers,Data base user interface and query software,Y,N,Hot Only
Software Quality Assurance Analysts and Testers,Cloud-based management software,Y,N,Hot Only
Software Quality Assurance Analysts and Testers,Data base user interface and query software,Y,Y,Hot & In Demand
Software Quality Assurance Analysts and Testers,Expert system software,Y,N,Hot Only
Software Quality Assurance Analysts and Testers,Data base management system software,Y,N,Hot Only
Software Quality Assurance Analysts and Testers,Data base management system software,Y,N,Hot Only
Software Quality Assurance Analysts and Testers,Data base user interface and query software,Y,N,Hot Only
Software Quality Assurance Analysts and Testers,Object or component oriented development software,N,Y,In Demand Only
Software Quality Assurance Analysts and Testers,Development environment software,Y,N,Hot Only
Software Quality Assurance Analysts and Testers,Development environment software,Y,N,Hot Only
Software Quality Assurance Analysts and Testers,Object or component oriented development software,Y,N,Hot Only
Software Quality Assurance Analysts and Testers,Development environment software,Y,N,Hot Only
Software Quality Assurance Analysts and Testers,Web platform development software,Y,N,Hot Only
Software Quality Assurance Analysts and Testers,Program testing software,N,Y,In Demand Only
Software Quality Assurance Analysts and Testers,Operating system software,Y,N,Hot Only
Software Quality Assurance Analysts and Testers,Internet browser software,Y,N,Hot Only
Software Quality Assurance Analysts and Testers,Project management software,Y,N,Hot Only
Software Quality Assurance Analysts and Testers,Project management software,Y,Y,Hot & In Demand
Software Quality Assurance Analysts and Testers,Computer aided design CAD software,Y,N,Hot Only
Software Quality Assurance Analysts and Testers,Operating system software,Y,N,Hot Only
Software Quality Assurance Analysts and Testers,Computer aided design CAD software,Y,N,Hot Only
Software Quality Assurance Analysts and Testers,Development environment software,Y,N,Hot Only
Software Quality Assurance Analysts and Testers,Object or component oriented development software,Y,Y,Hot & In Demand
Software Quality Assurance Analysts and Testers,Object or component oriented development software,Y,Y,Hot & In Demand
Software Quality Assurance Analysts and Testers,Web platform development software,Y,N,Hot Only
Software Quality Assurance Analysts and Testers,Configuration management software,Y,N,Hot Only
Software Quality Assurance Analysts and Testers,Video conferencing software,Y,N,Hot Only
Software Quality Assurance Analysts and Testers,Web platform development software,Y,N,Hot Only
Software Quality Assurance Analysts and Testers,Application server software,Y,N,Hot Only
Software Quality Assurance Analysts and Testers,Development environment software,Y,N,Hot Only
Software Quality Assurance Analysts and Testers,Data base management system software,Y,N,Hot Only
Software Quality Assurance Analysts and Testers,Medical software,Y,N,Hot Only
Software Quality Assurance Analysts and Testers,Geographic information system,Y,N,Hot Only
Software Quality Assurance Analysts and Testers,Enterprise application integration software,Y,N,Hot Only
Software Quality Assurance Analysts and Testers,File versioning software,Y,Y,Hot & In Demand
Software Quality Assurance Analysts and Testers,Application server software,Y,Y,Hot & In Demand
Software Quality Assurance Analysts and Testers,Application server software,Y,N,Hot Only
Software Quality Assurance Analysts and Testers,Development environment software,Y,N,Hot Only
Software Quality Assurance Analysts and Testers,Data mining software,Y,N,Hot Only
Software Quality Assurance Analysts and Testers,Web platform development software,Y,N,Hot Only
Software Quality Assurance Analysts and Testers,Word processing software,Y,N,Hot Only
Software Quality Assurance Analysts and Testers,Spreadsheet software,Y,N,Hot Only
Software Quality Assurance Analysts and Testers,Object oriented data base management software,Y,N,Hot Only
Software Quality Assurance Analysts and Testers,Web platform development software,Y,N,Hot Only
Software Quality Assurance Analysts and Testers,Data base user interface and query software,Y,N,Hot Only
Software Quality Assurance Analysts and Testers,Analytical or scientific software,Y,N,Hot Only
Software Quality Assurance Analysts and Testers,Web platform development software,Y,Y,Hot & In Demand
Software Quality Assurance Analysts and Testers,Web platform development software,Y,N,Hot Only
Software Quality Assurance Analysts and Testers,Enterprise application integration software,Y,Y,Hot & In Demand
Software Quality Assurance Analysts and Testers,Object or component oriented development software,Y,N,Hot Only
Software Quality Assurance Analysts and Testers,Program testing software,Y,N,Hot Only
Software Quality Assurance Analysts and Testers,Operating system software,Y,Y,Hot & In Demand
Software Quality Assurance Analysts and Testers,Development environment software,Y,N,Hot Only
Software Quality Assurance Analysts and Testers,Data base user interface and query software,Y,N,Hot Only
Software Quality Assurance Analysts and Testers,Web platform development software,Y,N,Hot Only
Software Quality Assurance Analysts and Testers,Web platform development software,Y,N,Hot Only
Software Quality Assurance Analysts and Testers,Development environment software,N,Y,In Demand Only
Software Quality Assurance Analysts and Testers,Development environment software,Y,Y,Hot & In Demand
Software Quality Assurance Analysts and Testers,Spreadsheet software,Y,Y,Hot & In Demand
Software Quality Assurance Analysts and Testers,Office suite software,Y,Y,Hot & In Demand
Software Quality Assurance Analysts and Testers,Electronic mail software,Y,N,Hot Only
Software Quality Assurance Analysts and Testers,Presentation software,Y,N,Hot Only
Software Quality Assurance Analysts and Testers,Development environment software,Y,N,Hot Only
Software Quality Assurance Analysts and Testers,Project management software,Y,N,Hot Only
Software Quality Assurance Analysts and Testers,Document management software,Y,N,Hot Only
Software Quality Assurance Analysts and Testers,Data base user interface and query software,Y,N,Hot Only
Software Quality Assurance Analysts and Testers,Enterprise application integration software,Y,N,Hot Only
Software Quality Assurance Analysts and Testers,Data base reporting software,Y,N,Hot Only
Software Quality Assurance Analysts and Testers,Project management software,Y,N,Hot Only
Software Quality Assurance Analysts and Testers,Project management software,Y,N,Hot Only
Software Quality Assurance Analysts and Testers,Process mapping and design software,Y,N,Hot Only
Software Quality Assurance Analysts and Testers,Development environment software,Y,N,Hot Only
Software Quality Assurance Analysts and Testers,Development environment software,Y,N,Hot Only
Software Quality Assurance Analysts and Testers,Development environment software,Y,N,Hot Only
Software Quality Assurance Analysts and Testers,Operating system software,Y,N,Hot Only
Software Quality Assurance Analysts and Testers,Operating system software,Y,N,Hot Only
Software Quality Assurance Analysts and Testers,Word processing software,Y,N,Hot Only
Software Quality Assurance Analysts and Testers,Data base management system software,Y,N,Hot Only
Software Quality Assurance Analysts and Testers,Internet browser software,Y,N,Hot Only
Software Quality Assurance Analysts and Testers,Data base management system software,Y,N,Hot Only
Software Quality Assurance Analysts and Testers,Web platform development software,Y,N,Hot Only
Software Quality Assurance Analysts and Testers,Data base management system software,Y,N,Hot Only
Software Quality Assurance Analysts and Testers,Operating system software,N,Y,In Demand Only
Software Quality Assurance Analysts and Testers,Data base user interface and query software,Y,N,Hot Only
Software Quality Assurance Analysts and Testers,Object or component oriented development software,Y,Y,Hot & In Demand
Software Quality Assurance Analysts and Testers,Development environment software,Y,N,Hot Only
Software Quality Assurance Analysts and Testers,Enterprise resource planning ERP software,Y,N,Hot Only
Software Quality Assurance Analysts and Testers,Data base management system software,Y,N,Hot Only
Software Quality Assurance Analysts and Testers,Project management software,Y,N,Hot Only
Software Quality Assurance Analysts and Testers,Object or component oriented development software,Y,N,Hot Only
Software Quality Assurance Analysts and Testers,Web platform development software,Y,N,Hot Only
Software Quality Assurance Analysts and Testers,Object oriented data base management software,Y,N,Hot Only
Software Quality Assurance Analysts and Testers,Operating system software,N,Y,In Demand Only
Software Quality Assurance Analysts and Testers,Configuration management software,Y,N,Hot Only
Software Quality Assurance Analysts and Testers,Object or component oriented development software,Y,Y,Hot & In Demand
Software Quality Assurance Analysts and Testers,Object or component oriented development software,Y,N,Hot Only
Software Quality Assurance Analysts and Testers,Web platform development software,Y,N,Hot Only
Software Quality Assurance Analysts and Testers,Operating system software,Y,N,Hot Only
Software Quality Assurance Analysts and Testers,Application server software,Y,N,Hot Only
Software Quality Assurance Analysts and Testers,Development environment software,Y,N,Hot Only
Software Quality Assurance Analysts and Testers,Customer relationship management CRM software,Y,N,Hot Only
Software Quality Assurance Analysts and Testers,Enterprise resource planning ERP software,Y,N,Hot Only
Software Quality Assurance Analysts and Testers,Analytical or scientific software,Y,N,Hot Only
Software Quality Assurance Analysts and Testers,Object or component oriented development software,Y,N,Hot Only
Software Quality Assurance Analysts and Testers,Program testing software,Y,Y,Hot & In Demand
Software Quality Assurance Analysts and Testers,Operating system software,Y,N,Hot Only
Software Quality Assurance Analysts and Testers,Cloud-based data access and sharing software,Y,N,Hot Only
Software Quality Assurance Analysts and Testers,Cloud-based management software,Y,N,Hot Only
Software Quality Assurance Analysts and Testers,Application server software,Y,N,Hot Only
Software Quality Assurance Analysts and Testers,Web platform development software,Y,N,Hot Only
Software Quality Assurance Analysts and Testers,Data base user interface and query software,Y,Y,Hot & In Demand
Software Quality Assurance Analysts and Testers,Object or component oriented development software,Y,N,Hot Only
Software Quality Assurance Analysts and Testers,Business intelligence and data analysis software,Y,N,Hot Only
Software Quality Assurance Analysts and Testers,Data base management system software,Y,N,Hot Only
Software Quality Assurance Analysts and Testers,Program testing software,N,Y,In Demand Only
Software Quality Assurance Analysts and Testers,Analytical or scientific software,Y,N,Hot Only
Software Quality Assurance Analysts and Testers,Data base user interface and query software,Y,N,Hot Only
Software Quality Assurance Analysts and Testers,Graphics or photo imaging software,Y,N,Hot Only
Software Quality Assurance Analysts and Testers,Operating system software,Y,N,Hot Only
Software Quality Assurance Analysts and Testers,Operating system software,Y,N,Hot Only
Software Quality Assurance Analysts and Testers,Video conferencing software,Y,N,Hot Only
Web Developers,Document management software,Y,N,Hot Only
Web Developers,Video creation and editing software,Y,N,Hot Only
Web Developers,Graphics or photo imaging software,Y,N,Hot Only
Web Developers,Graphics or photo imaging software,Y,N,Hot Only
Web Developers,Desktop publishing software,Y,N,Hot Only
Web Developers,Graphics or photo imaging software,Y,N,Hot Only
Web Developers,Web platform development software,Y,N,Hot Only
Web Developers,Data base management system software,Y,N,Hot Only
Web Developers,Data base user interface and query software,Y,N,Hot Only
Web Developers,Data base user interface and query software,Y,N,Hot Only
Web Developers,Cloud-based management software,Y,N,Hot Only
Web Developers,Data base user interface and query software,Y,Y,Hot & In Demand
Web Developers,Expert system software,Y,N,Hot Only
Web Developers,Data base management system software,Y,N,Hot Only
Web Developers,Data base management system software,Y,N,Hot Only
Web Developers,Data base management system software,Y,N,Hot Only
Web Developers,Development environment software,Y,Y,Hot & In Demand
Web Developers,Development environment software,Y,N,Hot Only
Web Developers,Object or component oriented development software,Y,N,Hot Only
Web Developers,Development environment software,Y,N,Hot Only
Web Developers,Web platform development software,Y,N,Hot Only
Web Developers,Operating system software,Y,N,Hot Only
Web Developers,Application server software,Y,N,Hot Only
Web Developers,Project management software,Y,N,Hot Only
Web Developers,Content workflow software,Y,Y,Hot & In Demand
Web Developers,Operating system software,Y,N,Hot Only
Web Developers,Web platform development software,Y,N,Hot Only
Web Developers,Development environment software,Y,N,Hot Only
Web Developers,Object or component oriented development software,Y,Y,Hot & In Demand
Web Developers,Object or component oriented development software,Y,Y,Hot & In Demand
Web Developers,Web platform development software,Y,Y,Hot & In Demand
Web Developers,Configuration management software,Y,N,Hot Only
Web Developers,Video conferencing software,Y,N,Hot Only
Web Developers,Web platform development software,Y,N,Hot Only
Web Developers,Application server software,Y,Y,Hot & In Demand
Web Developers,Development environment software,Y,N,Hot Only
Web Developers,Data base management system software,Y,N,Hot Only
Web Developers,Medical software,Y,N,Hot Only
Web Developers,Geographic information system,Y,N,Hot Only
Web Developers,Enterprise application integration software,Y,N,Hot Only
Web Developers,Web page creation and editing software,Y,N,Hot Only
Web Developers,Graphical user interface development software,Y,N,Hot Only
Web Developers,File versioning software,Y,Y,Hot & In Demand
Web Developers,Application server software,Y,Y,Hot & In Demand
Web Developers,Development environment software,Y,Y,Hot & In Demand
Web Developers,Data mining software,Y,N,Hot Only
Web Developers,Operating system software,Y,N,Hot Only
Web Developers,Web platform development software,Y,Y,Hot & In Demand
Web Developers,Word processing software,Y,N,Hot Only
Web Developers,Data base user interface and query software,Y,Y,Hot & In Demand
Web Developers,Object oriented data base management software,Y,N,Hot Only
Web Developers,Sales and marketing software,Y,N,Hot Only
Web Developers,Web platform development software,Y,Y,Hot & In Demand
Web Developers,Analytical or scientific software,Y,N,Hot Only
Web Developers,Web platform development software,Y,Y,Hot & In Demand
Web Developers,Web platform development software,N,Y,In Demand Only
Web Developers,Web platform development software,Y,Y,Hot & In Demand
Web Developers,Enterprise application integration software,Y,Y,Hot & In Demand
Web Developers,Program testing software,N,Y,In Demand Only
Web Developers,Object or component oriented development software,Y,Y,Hot & In Demand
Web Developers,Program testing software,Y,N,Hot Only
Web Developers,Application server software,Y,Y,Hot & In Demand
Web Developers,Operating system software,Y,Y,Hot & In Demand
Web Developers,Sales and marketing software,Y,N,Hot Only
Web Developers,Development environment software,Y,N,Hot Only
Web Developers,Data base user interface and query software,Y,N,Hot Only
Web Developers,Web platform development software,Y,N,Hot Only
Web Developers,Web platform development software,Y,N,Hot Only
Web Developers,Development environment software,Y,Y,Hot & In Demand
Web Developers,Spreadsheet software,Y,N,Hot Only
Web Developers,Office suite software,Y,N,Hot Only
Web Developers,Development environment software,Y,N,Hot Only
Web Developers,Project management software,Y,N,Hot Only
Web Developers,Document management software,Y,N,Hot Only
Web Developers,Data base user interface and query software,Y,N,Hot Only
Web Developers,Enterprise application integration software,Y,N,Hot Only
Web Developers,Data base reporting software,Y,N,Hot Only
Web Developers,Process mapping and design software,Y,N,Hot Only
Web Developers,Development environment software,Y,N,Hot Only
Web Developers,Development environment software,Y,N,Hot Only
Web Developers,Development environment software,Y,N,Hot Only
Web Developers,Operating system software,Y,N,Hot Only
Web Developers,Operating system software,Y,N,Hot Only
Web Developers,Data base management system software,Y,Y,Hot & In Demand
Web Developers,Data base management system software,Y,Y,Hot & In Demand
Web Developers,Web platform development software,Y,Y,Hot & In Demand
Web Developers,Data base management system software,Y,Y,Hot & In Demand
Web Developers,Data base user interface and query software,Y,N,Hot Only
Web Developers,Object or component oriented development software,Y,Y,Hot & In Demand
Web Developers,Development environment software,Y,N,Hot Only
Web Developers,Data base management system software,Y,N,Hot Only
Web Developers,Object or component oriented development software,Y,N,Hot Only
Web Developers,Web platform development software,Y,Y,Hot & In Demand
Web Developers,Object oriented data base management software,Y,Y,Hot & In Demand
Web Developers,Configuration management software,Y,N,Hot Only
Web Developers,Object or component oriented development software,Y,Y,Hot & In Demand
Web Developers,Object or component oriented development software,Y,N,Hot Only
Web Developers,Web platform development software,Y,Y,Hot & In Demand
Web Developers,Web platform development software,N,Y,In Demand Only
Web Developers,Operating system software,Y,N,Hot Only
Web Developers,Application server software,Y,N,Hot Only
Web Developers,Data base management system software,Y,N,Hot Only
Web Developers,Data base management system software,N,Y,In Demand Only
Web Developers,Web platform development software,N,Y,In Demand Only
Web Developers,Development environment software,Y,N,Hot Only
Web Developers,Customer relationship management CRM software,Y,N,Hot Only
Web Developers,Enterprise resource planning ERP software,Y,N,Hot Only
Web Developers,Analytical or scientific software,Y,N,Hot Only
Web Developers,Object or component oriented development software,Y,N,Hot Only
Web Developers,Program testing software,Y,N,Hot Only
Web Developers,Operating system software,Y,N,Hot Only
Web Developers,Cloud-based data access and sharing software,Y,N,Hot Only
Web Developers,Cloud-based management software,Y,N,Hot Only
Web Developers,Application server software,Y,Y,Hot & In Demand
Web Developers,Web platform development software,Y,Y,Hot & In Demand
Web Developers,Data base user interface and query software,Y,Y,Hot & In Demand
Web Developers,Object or component oriented development software,Y,N,Hot Only
Web Developers,Business intelligence and data analysis software,Y,N,Hot Only
Web Developers,Data base management system software,Y,N,Hot Only
Web Developers,Analytical or scientific software,Y,N,Hot Only
Web Developers,Data base user interface and query software,Y,N,Hot Only
Web Developers,Graphics or photo imaging software,Y,N,Hot Only
Web Developers,Object or component oriented development software,Y,Y,Hot & In Demand
Web Developers,Operating system software,Y,N,Hot Only
Web Developers,Operating system software,Y,N,Hot Only
Web Developers,Web platform development software,Y,Y,Hot & In Demand
Web Developers,Development environment software,N,Y,In Demand Only
Web Developers,Web page creation and editing software,Y,Y,Hot & In Demand
Web and Digital Interface Designers,Document management software,Y,N,Hot Only
Web and Digital Interface Designers,Video creation and editing software,Y,N,Hot Only
Web and Digital Interface Designers,Graphics or photo imaging software,Y,Y,Hot & In Demand
Web and Digital Interface Designers,Graphics or photo imaging software,Y,Y,Hot & In Demand
Web and Digital Interface Designers,Desktop publishing software,Y,N,Hot Only
Web and Digital Interface Designers,Graphics or photo imaging software,Y,Y,Hot & In Demand
Web and Digital Interface Designers,Graphics or photo imaging software,N,Y,In Demand Only
Web and Digital Interface Designers,Web platform development software,Y,N,Hot Only
Web and Digital Interface Designers,Data base management system software,Y,N,Hot Only
Web and Digital Interface Designers,Data base user interface and query software,Y,N,Hot Only
Web and Digital Interface Designers,Data base user interface and query software,Y,N,Hot Only
Web and Digital Interface Designers,Cloud-based management software,Y,N,Hot Only
Web and Digital Interface Designers,Data base user interface and query software,Y,N,Hot Only
Web and Digital Interface Designers,Expert system software,Y,N,Hot Only
Web and Digital Interface Designers,Data base management system software,Y,N,Hot Only
Web and Digital Interface Designers,Data base management system software,Y,N,Hot Only
Web and Digital Interface Designers,Data base management system software,Y,N,Hot Only
Web and Digital Interface Designers,Development environment software,Y,N,Hot Only
Web and Digital Interface Designers,Development environment software,Y,N,Hot Only
Web and Digital Interface Designers,Object or component oriented development software,Y,N,Hot Only
Web and Digital Interface Designers,File versioning software,Y,N,Hot Only
Web and Digital Interface Designers,Web platform development software,Y,N,Hot Only
Web and Digital Interface Designers,Operating system software,Y,N,Hot Only
Web and Digital Interface Designers,Operating system software,Y,N,Hot Only
Web and Digital Interface Designers,Project management software,Y,N,Hot Only
Web and Digital Interface Designers,Content workflow software,Y,N,Hot Only
Web and Digital Interface Designers,Operating system software,Y,N,Hot Only
Web and Digital Interface Designers,Web platform development software,Y,N,Hot Only
Web and Digital Interface Designers,Development environment software,Y,N,Hot Only
Web and Digital Interface Designers,Object or component oriented development software,Y,N,Hot Only
Web and Digital Interface Designers,Object or component oriented development software,Y,N,Hot Only
Web and Digital Interface Designers,Web platform development software,Y,Y,Hot & In Demand
Web and Digital Interface Designers,Configuration management software,Y,N,Hot Only
Web and Digital Interface Designers,Video conferencing software,Y,N,Hot Only
Web and Digital Interface Designers,Web platform development software,Y,N,Hot Only
Web and Digital Interface Designers,Application server software,Y,N,Hot Only
Web and Digital Interface Designers,Development environment software,Y,N,Hot Only
Web and Digital Interface Designers,Data base management system software,Y,N,Hot Only
Web and Digital Interface Designers,Enterprise application integration software,Y,N,Hot Only
Web and Digital Interface Designers,Graphical user interface development software,Y,Y,Hot & In Demand
Web and Digital Interface Designers,File versioning software,Y,N,Hot Only
Web and Digital Interface Designers,Application server software,Y,N,Hot Only
Web and Digital Interface Designers,Development environment software,Y,N,Hot Only
Web and Digital Interface Designers,Data mining software,Y,N,Hot Only
Web and Digital Interface Designers,Operating system software,Y,N,Hot Only
Web and Digital Interface Designers,Web platform development software,Y,Y,Hot & In Demand
Web and Digital Interface Designers,Word processing software,Y,N,Hot Only
Web and Digital Interface Designers,Object oriented data base management software,Y,N,Hot Only
Web and Digital Interface Designers,Sales and marketing software,Y,N,Hot Only
Web and Digital Interface Designers,Web platform development software,Y,Y,Hot & In Demand
Web and Digital Interface Designers,Analytical or scientific software,Y,N,Hot Only
Web and Digital Interface Designers,Process mapping and design software,N,Y,In Demand Only
Web and Digital Interface Designers,Web platform development software,Y,Y,Hot & In Demand
Web and Digital Interface Designers,Web platform development software,Y,N,Hot Only
Web and Digital Interface Designers,Object or component oriented development software,Y,N,Hot Only
Web and Digital Interface Designers,Program testing software,Y,N,Hot Only
Web and Digital Interface Designers,Operating system software,Y,N,Hot Only
Web and Digital Interface Designers,Development environment software,Y,N,Hot Only
Web and Digital Interface Designers,Data base user interface and query software,Y,N,Hot Only
Web and Digital Interface Designers,Web platform development software,Y,N,Hot Only
Web and Digital Interface Designers,Web platform development software,Y,N,Hot Only
Web and Digital Interface Designers,Development environment software,Y,N,Hot Only
Web and Digital Interface Designers,Spreadsheet software,Y,N,Hot Only
Web and Digital Interface Designers,Office suite software,Y,N,Hot Only
Web and Digital Interface Designers,Development environment software,Y,N,Hot Only
Web and Digital Interface Designers,Project management software,Y,N,Hot Only
Web and Digital Interface Designers,Document management software,Y,N,Hot Only
Web and Digital Interface Designers,Data base user interface and query software,Y,N,Hot Only
Web and Digital Interface Designers,Enterprise application integration software,Y,N,Hot Only
Web and Digital Interface Designers,Data base reporting software,Y,N,Hot Only
Web and Digital Interface Designers,Process mapping and design software,Y,N,Hot Only
Web and Digital Interface Designers,Development environment software,Y,N,Hot Only
Web and Digital Interface Designers,Development environment software,Y,N,Hot Only
Web and Digital Interface Designers,Development environment software,Y,N,Hot Only
Web and Digital Interface Designers,Operating system software,Y,N,Hot Only
Web and Digital Interface Designers,Operating system software,Y,N,Hot Only
Web and Digital Interface Designers,Data base management system software,Y,N,Hot Only
Web and Digital Interface Designers,Data base management system software,Y,N,Hot Only
Web and Digital Interface Designers,Web platform development software,Y,N,Hot Only
Web and Digital Interface Designers,Data base management system software,Y,N,Hot Only
Web and Digital Interface Designers,Data base user interface and query software,Y,N,Hot Only
Web and Digital Interface Designers,Object or component oriented development software,Y,N,Hot Only
Web and Digital Interface Designers,Development environment software,Y,N,Hot Only
Web and Digital Interface Designers,Enterprise resource planning ERP software,Y,N,Hot Only
Web and Digital Interface Designers,Data base management system software,Y,N,Hot Only
Web and Digital Interface Designers,Project management software,Y,N,Hot Only
Web and Digital Interface Designers,Object or component oriented development software,Y,N,Hot Only
Web and Digital Interface Designers,Web platform development software,Y,N,Hot Only
Web and Digital Interface Designers,Object oriented data base management software,Y,N,Hot Only
Web and Digital Interface Designers,Configuration management software,Y,N,Hot Only
Web and Digital Interface Designers,Object or component oriented development software,Y,N,Hot Only
Web and Digital Interface Designers,Object or component oriented development software,Y,N,Hot Only
Web and Digital Interface Designers,Web platform development software,Y,Y,Hot & In Demand
Web and Digital Interface Designers,Operating system software,Y,N,Hot Only
Web and Digital Interface Designers,Application server software,Y,N,Hot Only
Web and Digital Interface Designers,Development environment software,Y,N,Hot Only
Web and Digital Interface Designers,Customer relationship management CRM software,Y,N,Hot Only
Web and Digital Interface Designers,Enterprise resource planning ERP software,Y,N,Hot Only
Web and Digital Interface Designers,Analytical or scientific software,Y,N,Hot Only
Web and Digital Interface Designers,Object or component oriented development software,Y,N,Hot Only
Web and Digital Interface Designers,Program testing software,Y,N,Hot Only
Web and Digital Interface Designers,Operating system software,Y,N,Hot Only
Web and Digital Interface Designers,Cloud-based data access and sharing software,Y,N,Hot Only
Web and Digital Interface Designers,Cloud-based management software,Y,N,Hot Only
Web and Digital Interface Designers,Application server software,Y,N,Hot Only
Web and Digital Interface Designers,Web platform development software,Y,N,Hot Only
Web and Digital Interface Designers,Data base user interface and query software,Y,N,Hot Only
Web and Digital Interface Designers,Object or component oriented development software,Y,N,Hot Only
Web and Digital Interface Designers,Business intelligence and data analysis software,Y,N,Hot Only
Web and Digital Interface Designers,Data base management system software,Y,N,Hot Only
Web and Digital Interface Designers,Analytical or scientific software,Y,N,Hot Only
Web and Digital Interface Designers,Data base user interface and query software,Y,N,Hot Only
Web and Digital Interface Designers,Graphics or photo imaging software,Y,N,Hot Only
Web and Digital Interface Designers,Operating system software,Y,N,Hot Only
Web and Digital Interface Designers,Operating system software,Y,N,Hot Only
Web and Digital Interface Designers,Web platform development software,Y,N,Hot Only
Video Game Designers,Video creation and editing software,Y,N,Hot Only
Video Game Designers,Graphics or photo imaging software,Y,N,Hot Only
Video Game Designers,Graphics or photo imaging software,Y,N,Hot Only
Video Game Designers,Graphics or photo imaging software,Y,Y,Hot & In Demand
Video Game Designers,Project management software,Y,N,Hot Only
Video Game Designers,Graphics or photo imaging software,N,Y,In Demand Only
Video Game Designers,Development environment software,Y,N,Hot Only
Video Game Designers,Object or component oriented development software,Y,Y,Hot & In Demand
Video Game Designers,Object or component oriented development software,Y,Y,Hot & In Demand
Video Game Designers,Enterprise application integration software,Y,N,Hot Only
Video Game Designers,File versioning software,Y,N,Hot Only
Video Game Designers,Web platform development software,Y,N,Hot Only
Video Game Designers,Web platform development software,Y,N,Hot Only
Video Game Designers,Operating system software,Y,N,Hot Only
Video Game Designers,Spreadsheet software,Y,N,Hot Only
Video Game Designers,Office suite software,Y,N,Hot Only
Video Game Designers,Electronic mail software,Y,N,Hot Only
Video Game Designers,Presentation software,Y,N,Hot Only
Video Game Designers,Project management software,Y,N,Hot Only
Video Game Designers,Data base user interface and query software,Y,N,Hot Only
Video Game Designers,Process mapping and design software,Y,N,Hot Only
Video Game Designers,Development environment software,Y,N,Hot Only
Video Game Designers,Operating system software,Y,N,Hot Only
Video Game Designers,Word processing software,Y,N,Hot Only
Video Game Designers,Data base management system software,Y,N,Hot Only
Video Game Designers,Object or component oriented development software,Y,N,Hot Only
Video Game Designers,Object or component oriented development software,Y,N,Hot Only
Video Game Designers,Web platform development software,Y,N,Hot Only
Video Game Designers,Object or component oriented development software,Y,Y,Hot & In Demand
Video Game Designers,Data base user interface and query software,Y,N,Hot Only
Video Game Designers,Object or component oriented development software,Y,N,Hot Only
Video Game Designers,Development environment software,N,Y,In Demand Only
Video Game Designers,Development environment software,N,Y,In Demand Only
Web Administrators,Document management software,Y,N,Hot Only
Web Administrators,Graphics or photo imaging software,Y,N,Hot Only
Web Administrators,Graphics or photo imaging software,Y,N,Hot Only
Web Administrators,Desktop publishing software,Y,N,Hot Only
Web Administrators,Graphics or photo imaging software,Y,Y,Hot & In Demand
Web Administrators,Web platform development software,Y,N,Hot Only
Web Administrators,Data base user interface and query software,Y,N,Hot Only
Web Administrators,Web platform development software,Y,N,Hot Only
Web Administrators,Internet browser software,Y,N,Hot Only
Web Administrators,Web platform development software,Y,Y,Hot & In Demand
Web Administrators,Web page creation and editing software,N,Y,In Demand Only
Web Administrators,Web platform development software,N,Y,In Demand Only
Web Administrators,Enterprise application integration software,Y,N,Hot Only
Web Administrators,Analytical or scientific software,Y,Y,Hot & In Demand
Web Administrators,Web platform development software,Y,Y,Hot & In Demand
Web Administrators,Cloud-based management software,Y,N,Hot Only
Web Administrators,Web platform development software,Y,Y,Hot & In Demand
Web Administrators,Web platform development software,Y,N,Hot Only
Web Administrators,Operating system software,Y,N,Hot Only
Web Administrators,Development environment software,Y,N,Hot Only
Web Administrators,Data base user interface and query software,Y,Y,Hot & In Demand
Web Administrators,Internet directory services software,Y,Y,Hot & In Demand
Web Administrators,Web platform development software,Y,N,Hot Only
Web Administrators,Development environment software,Y,N,Hot Only
Web Administrators,Spreadsheet software,Y,Y,Hot & In Demand
Web Administrators,Transaction server software,N,Y,In Demand Only
Web Administrators,Transaction server software,N,Y,In Demand Only
Web Administrators,Office suite software,Y,Y,Hot & In Demand
Web Administrators,Presentation software,Y,N,Hot Only
Web Administrators,Project management software,Y,N,Hot Only
Web Administrators,Document management software,Y,Y,Hot & In Demand
Web Administrators,Data base user interface and query software,Y,Y,Hot & In Demand
Web Administrators,Process mapping and design software,Y,N,Hot Only
Web Administrators,Development environment software,Y,N,Hot Only
Web Administrators,Operating system software,Y,N,Hot Only
Web Administrators,Word processing software,Y,N,Hot Only
Web Administrators,Internet browser software,Y,N,Hot Only
Web Administrators,Data base user interface and query software,Y,N,Hot Only
Web Administrators,Object or component oriented development software,Y,Y,Hot & In Demand
Web Administrators,Project management software,Y,N,Hot Only
Web Administrators,Object or component oriented development software,Y,N,Hot Only
Web Administrators,Web platform development software,Y,Y,Hot & In Demand
Web Administrators,Object oriented data base management software,Y,N,Hot Only
Web Administrators,Object or component oriented development software,Y,N,Hot Only
Web Administrators,Operating system software,Y,N,Hot Only
Web Administrators,Analytical or scientific software,Y,N,Hot Only
Web Administrators,Operating system software,Y,N,Hot Only
Web Administrators,Development environment software,N,Y,In Demand Only
Web Administrators,Data base user interface and query software,Y,Y,Hot & In Demand
Web Administrators,Operating system software,Y,N,Hot Only
Web Administrators,Web platform development software,N,Y,In Demand Only
Web Administrators,Development environment software,N,Y,In Demand Only
Web Administrators,Transaction server software,N,Y,In Demand Only
Web Administrators,Web page creation and editing software,Y,Y,Hot & In Demand
Geographic Information Systems Technologists and Technicians,Document management software,Y,N,Hot Only
Geographic Information Systems Technologists and Technicians,Video creation and editing software,Y,N,Hot Only
Geographic Information Systems Technologists and Technicians,Graphics or photo imaging software,Y,N,Hot Only
Geographic Information Systems Technologists and Technicians,Graphics or photo imaging software,Y,N,Hot Only
Geographic Information Systems Technologists and Technicians,Graphics or photo imaging software,Y,N,Hot Only
Geographic Information Systems Technologists and Technicians,Data base user interface and query software,Y,N,Hot Only
Geographic Information Systems Technologists and Technicians,Operating system software,Y,N,Hot Only
Geographic Information Systems Technologists and Technicians,Content workflow software,Y,N,Hot Only
Geographic Information Systems Technologists and Technicians,Computer aided design CAD software,Y,Y,Hot & In Demand
Geographic Information Systems Technologists and Technicians,Computer aided design CAD software,Y,N,Hot Only
Geographic Information Systems Technologists and Technicians,Web platform development software,Y,N,Hot Only
Geographic Information Systems Technologists and Technicians,Development environment software,Y,N,Hot Only
Geographic Information Systems Technologists and Technicians,Object or component oriented development software,Y,N,Hot Only
Geographic Information Systems Technologists and Technicians,Object or component oriented development software,Y,N,Hot Only
Geographic Information Systems Technologists and Technicians,Web platform development software,Y,N,Hot Only
Geographic Information Systems Technologists and Technicians,Application server software,Y,N,Hot Only
Geographic Information Systems Technologists and Technicians,Analytical or scientific software,N,Y,In Demand Only
Geographic Information Systems Technologists and Technicians,Geographic information system,Y,Y,Hot & In Demand
Geographic Information Systems Technologists and Technicians,Analytical or scientific software,N,Y,In Demand Only
Geographic Information Systems Technologists and Technicians,Enterprise application integration software,Y,N,Hot Only
Geographic Information Systems Technologists and Technicians,Geographic information system,N,Y,In Demand Only
Geographic Information Systems Technologists and Technicians,Geographic information system,N,Y,In Demand Only
Geographic Information Systems Technologists and Technicians,File versioning software,Y,N,Hot Only
Geographic Information Systems Technologists and Technicians,Application server software,Y,N,Hot Only
Geographic Information Systems Technologists and Technicians,Development environment software,Y,N,Hot Only
Geographic Information Systems Technologists and Technicians,Web platform development software,Y,N,Hot Only
Geographic Information Systems Technologists and Technicians,Office suite software,Y,N,Hot Only
Geographic Information Systems Technologists and Technicians,Web platform development software,Y,N,Hot Only
Geographic Information Systems Technologists and Technicians,Web platform development software,Y,Y,Hot & In Demand
Geographic Information Systems Technologists and Technicians,Web platform development software,Y,N,Hot Only
Geographic Information Systems Technologists and Technicians,Enterprise application integration software,Y,N,Hot Only
Geographic Information Systems Technologists and Technicians,Object or component oriented development software,Y,N,Hot Only
Geographic Information Systems Technologists and Technicians,Application server software,Y,N,Hot Only
Geographic Information Systems Technologists and Technicians,Operating system software,Y,N,Hot Only
Geographic Information Systems Technologists and Technicians,Development environment software,Y,N,Hot Only
Geographic Information Systems Technologists and Technicians,Data base user interface and query software,Y,Y,Hot & In Demand
Geographic Information Systems Technologists and Technicians,Web platform development software,Y,N,Hot Only
Geographic Information Systems Technologists and Technicians,Development environment software,Y,N,Hot Only
Geographic Information Systems Technologists and Technicians,Spreadsheet software,Y,Y,Hot & In Demand
Geographic Information Systems Technologists and Technicians,Office suite software,Y,Y,Hot & In Demand
Geographic Information Systems Technologists and Technicians,Electronic mail software,Y,N,Hot Only
Geographic Information Systems Technologists and Technicians,Presentation software,Y,Y,Hot & In Demand
Geographic Information Systems Technologists and Technicians,Document management software,Y,N,Hot Only
Geographic Information Systems Technologists and Technicians,Data base management system software,Y,N,Hot Only
Geographic Information Systems Technologists and Technicians,Process mapping and design software,Y,N,Hot Only
Geographic Information Systems Technologists and Technicians,Development environment software,Y,N,Hot Only
Geographic Information Systems Technologists and Technicians,Development environment software,Y,N,Hot Only
Geographic Information Systems Technologists and Technicians,Development environment software,Y,N,Hot Only
Geographic Information Systems Technologists and Technicians,Word processing software,Y,N,Hot Only
Geographic Information Systems Technologists and Technicians,Web platform development software,Y,N,Hot Only
Geographic Information Systems Technologists and Technicians,Object or component oriented development software,Y,N,Hot Only
Geographic Information Systems Technologists and Technicians,Data base management system software,Y,N,Hot Only
Geographic Information Systems Technologists and Technicians,Object or component oriented development software,Y,N,Hot Only
Geographic Information Systems Technologists and Technicians,Web platform development software,Y,N,Hot Only
Geographic Information Systems Technologists and Technicians,Object oriented data base management software,Y,N,Hot Only
Geographic Information Systems Technologists and Technicians,Object or component oriented development software,Y,Y,Hot & In Demand
Geographic Information Systems Technologists and Technicians,Geographic information system,N,Y,In Demand Only
Geographic Information Systems Technologists and Technicians,Object or component oriented development software,Y,N,Hot Only
Geographic Information Systems Technologists and Technicians,Web platform development software,Y,N,Hot Only
Geographic Information Systems Technologists and Technicians,Map creation software,N,Y,In Demand Only
Geographic Information Systems Technologists and Technicians,Enterprise resource planning ERP software,Y,N,Hot Only
Geographic Information Systems Technologists and Technicians,Analytical or scientific software,Y,N,Hot Only
Geographic Information Systems Technologists and Technicians,Data base user interface and query software,Y,N,Hot Only
Geographic Information Systems Technologists and Technicians,Operating system software,Y,N,Hot Only
Geographic Information Systems Technologists and Technicians,Data base user interface and query software,Y,Y,Hot & In Demand
Geographic Information Systems Technologists and Technicians,Business intelligence and data analysis software,Y,N,Hot Only
Geographic Information Systems Technologists and Technicians,Data base management system software,Y,N,Hot Only
Geographic Information Systems Technologists and Technicians,Analytical or scientific software,Y,N,Hot Only
Geographic Information Systems Technologists and Technicians,Data base user interface and query software,Y,N,Hot Only
Geographic Information Systems Technologists and Technicians,Object or component oriented development software,Y,N,Hot Only
Geographic Information Systems Technologists and Technicians,Operating system software,Y,N,Hot Only
Document Management Specialists,Document management software,Y,N,Hot Only
Document Management Specialists,Desktop publishing software,Y,N,Hot Only
Document Management Specialists,Graphics or photo imaging software,Y,N,Hot Only
Document Management Specialists,Web platform development software,Y,N,Hot Only
Document Management Specialists,Computer aided design CAD software,Y,N,Hot Only
Document Management Specialists,Computer aided design CAD software,Y,N,Hot Only
Document Management Specialists,Enterprise application integration software,Y,N,Hot Only
Document Management Specialists,Data mining software,Y,N,Hot Only
Document Management Specialists,Web platform development software,Y,N,Hot Only
Document Management Specialists,Data base user interface and query software,Y,N,Hot Only
Document Management Specialists,Cloud-based management software,Y,N,Hot Only
Document Management Specialists,Operating system software,Y,N,Hot Only
Document Management Specialists,Development environment software,Y,N,Hot Only
Document Management Specialists,Data base user interface and query software,Y,N,Hot Only
Document Management Specialists,Spreadsheet software,Y,Y,Hot & In Demand
Document Management Specialists,Office suite software,Y,Y,Hot & In Demand
Document Management Specialists,Electronic mail software,Y,Y,Hot & In Demand
Document Management Specialists,Presentation software,Y,Y,Hot & In Demand
Document Management Specialists,Project management software,Y,N,Hot Only
Document Management Specialists,Document management software,Y,Y,Hot & In Demand
Document Management Specialists,Data base user interface and query software,Y,N,Hot Only
Document Management Specialists,Process mapping and design software,Y,N,Hot Only
Document Management Specialists,Development environment software,Y,N,Hot Only
Document Management Specialists,Operating system software,Y,N,Hot Only
Document Management Specialists,Word processing software,Y,Y,Hot & In Demand
Document Management Specialists,Object or component oriented development software,Y,N,Hot Only
Document Management Specialists,Development environment software,Y,N,Hot Only
Document Management Specialists,Object or component oriented development software,Y,N,Hot Only
Document Management Specialists,Data base management system software,Y,N,Hot Only
Document Management Specialists,Operating system software,Y,N,Hot Only
Penetration Testers,Data base user interface and query software,Y,Y,Hot & In Demand
Penetration Testers,Expert system software,Y,N,Hot Only
Penetration Testers,Operating system software,Y,N,Hot Only
Penetration Testers,Operating system software,Y,N,Hot Only
Penetration Testers,Operating system software,Y,Y,Hot & In Demand
Penetration Testers,Development environment software,Y,Y,Hot & In Demand
Penetration Testers,Object or component oriented development software,Y,Y,Hot & In Demand
Penetration Testers,Object or component oriented development software,Y,Y,Hot & In Demand
Penetration Testers,Application server software,Y,N,Hot Only
Penetration Testers,Network security and virtual private network VPN equipment software,N,Y,In Demand Only
Penetration Testers,Application server software,Y,N,Hot Only
Penetration Testers,Development environment software,Y,N,Hot Only
Penetration Testers,Operating system software,Y,N,Hot Only
Penetration Testers,Configuration management software,Y,N,Hot Only
Penetration Testers,Web platform development software,Y,Y,Hot & In Demand
Penetration Testers,Program testing software,N,Y,In Demand Only
Penetration Testers,Application server software,Y,N,Hot Only
Penetration Testers,Operating system software,Y,Y,Hot & In Demand
Penetration Testers,Transaction security and virus protection software,N,Y,In Demand Only
Penetration Testers,Internet directory services software,Y,N,Hot Only
Penetration Testers,Web platform development software,Y,N,Hot Only
Penetration Testers,Development environment software,Y,Y,Hot & In Demand
Penetration Testers,Spreadsheet software,Y,N,Hot Only
Penetration Testers,Office suite software,Y,N,Hot Only
Penetration Testers,Development environment software,Y,Y,Hot & In Demand
Penetration Testers,Data base user interface and query software,Y,N,Hot Only
Penetration Testers,Program testing software,N,Y,In Demand Only
Penetration Testers,Transaction security and virus protection software,N,Y,In Demand Only
Penetration Testers,Operating system software,N,Y,In Demand Only
Penetration Testers,Object or component oriented development software,Y,Y,Hot & In Demand
Penetration Testers,Development environment software,Y,N,Hot Only
Penetration Testers,Object or component oriented development software,Y,N,Hot Only
Penetration Testers,Web platform development software,Y,N,Hot Only
Penetration Testers,Transaction security and virus protection software,N,Y,In Demand Only
Penetration Testers,Object or component oriented development software,Y,Y,Hot & In Demand
Penetration Testers,Cloud-based protection or security software,N,Y,In Demand Only
Penetration Testers,Development environment software,Y,N,Hot Only
Penetration Testers,Data base user interface and query software,Y,N,Hot Only
Penetration Testers,Operating system software,Y,N,Hot Only
Penetration Testers,Enterprise system management software,Y,Y,Hot & In Demand
Penetration Testers,Data base user interface and query software,Y,Y,Hot & In Demand
Penetration Testers,Transaction security and virus protection software,N,Y,In Demand Only
Penetration Testers,Operating system software,Y,Y,Hot & In Demand
Information Security Engineers,Cloud-based management software,Y,N,Hot Only
Information Security Engineers,Data base user interface and query software,Y,Y,Hot & In Demand
Information Security Engineers,Expert system software,Y,N,Hot Only
Information Security Engineers,Operating system software,Y,N,Hot Only
Information Security Engineers,Operating system software,Y,N,Hot Only
Information Security Engineers,Project management software,Y,N,Hot Only
Information Security Engineers,Content workflow software,Y,N,Hot Only
Information Security Engineers,Operating system software,Y,Y,Hot & In Demand
Information Security Engineers,Switch or router software,Y,N,Hot Only
Information Security Engineers,Development environment software,Y,N,Hot Only
Information Security Engineers,Object or component oriented development software,Y,N,Hot Only
Information Security Engineers,Object or component oriented development software,Y,N,Hot Only
Information Security Engineers,Configuration management software,Y,N,Hot Only
Information Security Engineers,Application server software,Y,N,Hot Only
Information Security Engineers,Data base management system software,Y,N,Hot Only
Information Security Engineers,Network security and virtual private network VPN equipment software,N,Y,In Demand Only
Information Security Engineers,File versioning software,Y,N,Hot Only
Information Security Engineers,Application server software,Y,N,Hot Only
Information Security Engineers,Development environment software,Y,N,Hot Only
Information Security Engineers,Data base user interface and query software,Y,N,Hot Only
Information Security Engineers,Configuration management software,Y,Y,Hot & In Demand
Information Security Engineers,Web platform development software,Y,N,Hot Only
Information Security Engineers,Web platform development software,Y,N,Hot Only
Information Security Engineers,Enterprise application integration software,Y,N,Hot Only
Information Security Engineers,Application server software,Y,Y,Hot & In Demand
Information Security Engineers,Operating system software,Y,Y,Hot & In Demand
Information Security Engineers,Data base user interface and query software,Y,N,Hot Only
Information Security Engineers,Internet directory services software,Y,Y,Hot & In Demand
Information Security Engineers,Development environment software,Y,Y,Hot & In Demand
Information Security Engineers,Spreadsheet software,Y,N,Hot Only
Information Security Engineers,Office suite software,Y,N,Hot Only
Information Security Engineers,Electronic mail software,Y,N,Hot Only
Information Security Engineers,Presentation software,Y,N,Hot Only
Information Security Engineers,Development environment software,Y,Y,Hot & In Demand
Information Security Engineers,Document management software,Y,N,Hot Only
Information Security Engineers,Data base user interface and query software,Y,N,Hot Only
Information Security Engineers,Enterprise application integration software,Y,N,Hot Only
Information Security Engineers,Data base reporting software,Y,N,Hot Only
Information Security Engineers,Project management software,Y,N,Hot Only
Information Security Engineers,Graphics or photo imaging software,Y,N,Hot Only
Information Security Engineers,Operating system software,Y,N,Hot Only
Information Security Engineers,Operating system software,Y,N,Hot Only
Information Security Engineers,Data base management system software,Y,N,Hot Only
Information Security Engineers,Data base management system software,Y,N,Hot Only
Information Security Engineers,Operating system software,N,Y,In Demand Only
Information Security Engineers,Object or component oriented development software,Y,Y,Hot & In Demand
Information Security Engineers,Object or component oriented development software,Y,N,Hot Only
Information Security Engineers,Web platform development software,Y,N,Hot Only
Information Security Engineers,Configuration management software,Y,N,Hot Only
Information Security Engineers,Object or component oriented development software,Y,Y,Hot & In Demand
Information Security Engineers,Object or component oriented development software,Y,N,Hot Only
Information Security Engineers,Web platform development software,Y,N,Hot Only
Information Security Engineers,Operating system software,Y,N,Hot Only
Information Security Engineers,Development environment software,Y,N,Hot Only
Information Security Engineers,Data base user interface and query software,Y,N,Hot Only
Information Security Engineers,Operating system software,Y,N,Hot Only
Information Security Engineers,Authentication server software,N,Y,In Demand Only
Information Security Engineers,Enterprise system management software,Y,Y,Hot & In Demand
Information Security Engineers,Data base user interface and query software,Y,N,Hot Only
Information Security Engineers,Operating system software,Y,N,Hot Only
Information Security Engineers,Operating system software,Y,N,Hot Only
Digital Forensics Analysts,Data base user interface and query software,Y,Y,Hot & In Demand
Digital Forensics Analysts,Expert system software,Y,N,Hot Only
Digital Forensics Analysts,Operating system software,Y,N,Hot Only
Digital Forensics Analysts,Operating system software,Y,N,Hot Only
Digital Forensics Analysts,Operating system software,Y,N,Hot Only
Digital Forensics Analysts,Switch or router software,Y,N,Hot Only
Digital Forensics Analysts,Development environment software,Y,N,Hot Only
Digital Forensics Analysts,Object or component oriented development software,Y,N,Hot Only
Digital Forensics Analysts,Object or component oriented development software,Y,N,Hot Only
Digital Forensics Analysts,Enterprise application integration software,Y,N,Hot Only
Digital Forensics Analysts,Network security and virtual private network VPN equipment software,N,Y,In Demand Only
Digital Forensics Analysts,Development environment software,Y,N,Hot Only
Digital Forensics Analysts,Office suite software,Y,N,Hot Only
Digital Forensics Analysts,Web platform development software,Y,N,Hot Only
Digital Forensics Analysts,Configuration management software,Y,N,Hot Only
Digital Forensics Analysts,Web platform development software,Y,N,Hot Only
Digital Forensics Analysts,Application server software,Y,N,Hot Only
Digital Forensics Analysts,Operating system software,Y,Y,Hot & In Demand
Digital Forensics Analysts,Data base user interface and query software,Y,N,Hot Only
Digital Forensics Analysts,Internet directory services software,Y,N,Hot Only
Digital Forensics Analysts,Development environment software,Y,Y,Hot & In Demand
Digital Forensics Analysts,Spreadsheet software,Y,N,Hot Only
Digital Forensics Analysts,Office suite software,Y,N,Hot Only
Digital Forensics Analysts,Presentation software,Y,N,Hot Only
Digital Forensics Analysts,Development environment software,Y,Y,Hot & In Demand
Digital Forensics Analysts,Operating system software,Y,N,Hot Only
Digital Forensics Analysts,Operating system software,Y,N,Hot Only
Digital Forensics Analysts,Program testing software,N,Y,In Demand Only
Digital Forensics Analysts,Operating system software,N,Y,In Demand Only
Digital Forensics Analysts,Object or component oriented development software,Y,N,Hot Only
Digital Forensics Analysts,Object or component oriented development software,Y,N,Hot Only
Digital Forensics Analysts,Web platform development software,Y,N,Hot Only
Digital Forensics Analysts,Object or component oriented development software,Y,Y,Hot & In Demand
Digital Forensics Analysts,Object or component oriented development software,Y,N,Hot Only
Digital Forensics Analysts,Development environment software,Y,N,Hot Only
Digital Forensics Analysts,Data base user interface and query software,Y,N,Hot Only
Digital Forensics Analysts,Cloud-based data access and sharing software,Y,N,Hot Only
Digital Forensics Analysts,Enterprise system management software,Y,Y,Hot & In Demand
Digital Forensics Analysts,Data base user interface and query software,Y,Y,Hot & In Demand
Digital Forensics Analysts,Operating system software,Y,N,Hot Only
Blockchain Engineers,Cloud-based management software,Y,N,Hot Only
Blockchain Engineers,Data base user interface and query software,Y,Y,Hot & In Demand
Blockchain Engineers,Expert system software,Y,N,Hot Only
Blockchain Engineers,Development environment software,Y,N,Hot Only
Blockchain Engineers,Project management software,Y,N,Hot Only
Blockchain Engineers,Content workflow software,Y,N,Hot Only
Blockchain Engineers,Development environment software,Y,Y,Hot & In Demand
Blockchain Engineers,Object or component oriented development software,Y,N,Hot Only
Blockchain Engineers,Object or component oriented development software,Y,Y,Hot & In Demand
Blockchain Engineers,Application server software,Y,Y,Hot & In Demand
Blockchain Engineers,File versioning software,Y,Y,Hot & In Demand
Blockchain Engineers,Application server software,Y,N,Hot Only
Blockchain Engineers,Development environment software,Y,Y,Hot & In Demand
Blockchain Engineers,Web platform development software,Y,N,Hot Only
Blockchain Engineers,Configuration management software,Y,N,Hot Only
Blockchain Engineers,Web platform development software,Y,Y,Hot & In Demand
Blockchain Engineers,Enterprise application integration software,Y,N,Hot Only
Blockchain Engineers,Application server software,Y,Y,Hot & In Demand
Blockchain Engineers,Operating system software,Y,N,Hot Only
Blockchain Engineers,Compiler and decompiler software,N,Y,In Demand Only
Blockchain Engineers,Development environment software,Y,N,Hot Only
Blockchain Engineers,Data base management system software,Y,N,Hot Only
Blockchain Engineers,Data base management system software,Y,Y,Hot & In Demand
Blockchain Engineers,Web platform development software,Y,Y,Hot & In Demand
Blockchain Engineers,Data base management system software,Y,N,Hot Only
Blockchain Engineers,Object or component oriented development software,Y,Y,Hot & In Demand
Blockchain Engineers,Object oriented data base management software,Y,N,Hot Only
Blockchain Engineers,Object or component oriented development software,Y,Y,Hot & In Demand
Blockchain Engineers,Web platform development software,Y,Y,Hot & In Demand
Blockchain Engineers,Development environment software,N,Y,In Demand Only
Blockchain Engineers,Development environment software,N,Y,In Demand Only
Blockchain Engineers,Development environment software,N,Y,In Demand Only
Blockchain Engineers,Program testing software,N,Y,In Demand Only
Blockchain Engineers,Enterprise system management software,Y,N,Hot Only
Blockchain Engineers,Application server software,Y,N,Hot Only
Blockchain Engineers,Web platform development software,Y,N,Hot Only
Blockchain Engineers,Data base user interface and query software,Y,Y,Hot & In Demand
Blockchain Engineers,Object or component oriented development software,Y,Y,Hot & In Demand
Blockchain Engineers,Web platform development software,N,Y,In Demand Only
Computer Systems Engineers/Architects,Document management software,Y,N,Hot Only
Computer Systems Engineers/Architects,Graphics or photo imaging software,Y,N,Hot Only
Computer Systems Engineers/Architects,Graphics or photo imaging software,Y,N,Hot Only
Computer Systems Engineers/Architects,Web platform development software,Y,N,Hot Only
Computer Systems Engineers/Architects,Data base management system software,Y,N,Hot Only
Computer Systems Engineers/Architects,Data base user interface and query software,Y,N,Hot Only
Computer Systems Engineers/Architects,Data base user interface and query software,Y,N,Hot Only
Computer Systems Engineers/Architects,Cloud-based management software,Y,Y,Hot & In Demand
Computer Systems Engineers/Architects,Data base user interface and query software,Y,Y,Hot & In Demand
Computer Systems Engineers/Architects,Expert system software,Y,Y,Hot & In Demand
Computer Systems Engineers/Architects,Procedure management software,Y,N,Hot Only
Computer Systems Engineers/Architects,Data base management system software,Y,N,Hot Only
Computer Systems Engineers/Architects,Data base management system software,Y,N,Hot Only
Computer Systems Engineers/Architects,Data base management system software,Y,N,Hot Only
Computer Systems Engineers/Architects,Development environment software,Y,N,Hot Only
Computer Systems Engineers/Architects,Development environment software,Y,N,Hot Only
Computer Systems Engineers/Architects,Business intelligence and data analysis software,Y,N,Hot Only
Computer Systems Engineers/Architects,File versioning software,Y,N,Hot Only
Computer Systems Engineers/Architects,Web platform development software,Y,N,Hot Only
Computer Systems Engineers/Architects,Operating system software,Y,N,Hot Only
Computer Systems Engineers/Architects,Application server software,Y,N,Hot Only
Computer Systems Engineers/Architects,Project management software,Y,N,Hot Only
Computer Systems Engineers/Architects,Content workflow software,Y,Y,Hot & In Demand
Computer Systems Engineers/Architects,Computer aided design CAD software,Y,N,Hot Only
Computer Systems Engineers/Architects,Computer aided design CAD software,Y,N,Hot Only
Computer Systems Engineers/Architects,Operating system software,Y,Y,Hot & In Demand
Computer Systems Engineers/Architects,Computer aided design CAD software,Y,N,Hot Only
Computer Systems Engineers/Architects,Switch or router software,Y,N,Hot Only
Computer Systems Engineers/Architects,Development environment software,Y,Y,Hot & In Demand
Computer Systems Engineers/Architects,Object or component oriented development software,Y,N,Hot Only
Computer Systems Engineers/Architects,Object or component oriented development software,Y,Y,Hot & In Demand
Computer Systems Engineers/Architects,Web platform development software,Y,N,Hot Only
Computer Systems Engineers/Architects,Configuration management software,Y,N,Hot Only
Computer Systems Engineers/Architects,Video conferencing software,Y,N,Hot Only
Computer Systems Engineers/Architects,Computer aided design CAD software,Y,N,Hot Only
Computer Systems Engineers/Architects,Web platform development software,Y,N,Hot Only
Computer Systems Engineers/Architects,Application server software,Y,Y,Hot & In Demand
Computer Systems Engineers/Architects,Development environment software,Y,N,Hot Only
Computer Systems Engineers/Architects,Data base management system software,Y,N,Hot Only
Computer Systems Engineers/Architects,Medical software,Y,N,Hot Only
Computer Systems Engineers/Architects,Geographic information system,Y,N,Hot Only
Computer Systems Engineers/Architects,Enterprise application integration software,Y,N,Hot Only
Computer Systems Engineers/Architects,Network security and virtual private network VPN equipment software,N,Y,In Demand Only
Computer Systems Engineers/Architects,File versioning software,Y,Y,Hot & In Demand
Computer Systems Engineers/Architects,Application server software,Y,Y,Hot & In Demand
Computer Systems Engineers/Architects,Application server software,Y,N,Hot Only
Computer Systems Engineers/Architects,Development environment software,Y,Y,Hot & In Demand
Computer Systems Engineers/Architects,Data mining software,Y,N,Hot Only
Computer Systems Engineers/Architects,Web platform development software,Y,N,Hot Only
Computer Systems Engineers/Architects,Data base user interface and query software,Y,N,Hot Only
Computer Systems Engineers/Architects,Object oriented data base management software,Y,N,Hot Only
Computer Systems Engineers/Architects,Web platform development software,Y,N,Hot Only
Computer Systems Engineers/Architects,Data base user interface and query software,Y,N,Hot Only
Computer Systems Engineers/Architects,Analytical or scientific software,Y,N,Hot Only
Computer Systems Engineers/Architects,Configuration management software,Y,Y,Hot & In Demand
Computer Systems Engineers/Architects,Cloud-based management software,Y,N,Hot Only
Computer Systems Engineers/Architects,Web platform development software,Y,Y,Hot & In Demand
Computer Systems Engineers/Architects,Web platform development software,Y,N,Hot Only
Computer Systems Engineers/Architects,Enterprise application integration software,Y,Y,Hot & In Demand
Computer Systems Engineers/Architects,Object or component oriented development software,Y,N,Hot Only
Computer Systems Engineers/Architects,Program testing software,Y,N,Hot Only
Computer Systems Engineers/Architects,Application server software,Y,Y,Hot & In Demand
Computer Systems Engineers/Architects,Operating system software,Y,Y,Hot & In Demand
Computer Systems Engineers/Architects,Operating system software,N,Y,In Demand Only
Computer Systems Engineers/Architects,Sales and marketing software,Y,N,Hot Only
Computer Systems Engineers/Architects,Medical software,Y,N,Hot Only
Computer Systems Engineers/Architects,Development environment software,Y,N,Hot Only
Computer Systems Engineers/Architects,Data base user interface and query software,Y,N,Hot Only
Computer Systems Engineers/Architects,Internet directory services software,Y,Y,Hot & In Demand
Computer Systems Engineers/Architects,Web platform development software,Y,N,Hot Only
Computer Systems Engineers/Architects,Web platform development software,Y,N,Hot Only
Computer Systems Engineers/Architects,Development environment software,Y,Y,Hot & In Demand
Computer Systems Engineers/Architects,Spreadsheet software,Y,N,Hot Only
Computer Systems Engineers/Architects,Office suite software,Y,N,Hot Only
Computer Systems Engineers/Architects,Presentation software,Y,N,Hot Only
Computer Systems Engineers/Architects,Development environment software,Y,Y,Hot & In Demand
Computer Systems Engineers/Architects,Project management software,Y,N,Hot Only
Computer Systems Engineers/Architects,Document management software,Y,N,Hot Only
Computer Systems Engineers/Architects,Data base user interface and query software,Y,N,Hot Only
Computer Systems Engineers/Architects,Enterprise application integration software,Y,N,Hot Only
Computer Systems Engineers/Architects,Data base reporting software,Y,N,Hot Only
Computer Systems Engineers/Architects,Project management software,Y,N,Hot Only
Computer Systems Engineers/Architects,Process mapping and design software,Y,N,Hot Only
Computer Systems Engineers/Architects,Development environment software,Y,N,Hot Only
Computer Systems Engineers/Architects,Development environment software,Y,N,Hot Only
Computer Systems Engineers/Architects,Development environment software,Y,N,Hot Only
Computer Systems Engineers/Architects,Operating system software,Y,N,Hot Only
Computer Systems Engineers/Architects,Operating system software,Y,N,Hot Only
Computer Systems Engineers/Architects,Data base management system software,Y,N,Hot Only
Computer Systems Engineers/Architects,Data base management system software,Y,N,Hot Only
Computer Systems Engineers/Architects,Web platform development software,Y,N,Hot Only
Computer Systems Engineers/Architects,Data base management system software,Y,N,Hot Only
Computer Systems Engineers/Architects,Operating system software,N,Y,In Demand Only
Computer Systems Engineers/Architects,Cloud-based management software,Y,N,Hot Only
Computer Systems Engineers/Architects,Data base user interface and query software,Y,N,Hot Only
Computer Systems Engineers/Architects,Object or component oriented development software,Y,Y,Hot & In Demand
Computer Systems Engineers/Architects,Development environment software,Y,N,Hot Only
Computer Systems Engineers/Architects,Enterprise resource planning ERP software,Y,N,Hot Only
Computer Systems Engineers/Architects,Data base management system software,Y,N,Hot Only
Computer Systems Engineers/Architects,Project management software,Y,N,Hot Only
Computer Systems Engineers/Architects,Object or component oriented development software,Y,N,Hot Only
Computer Systems Engineers/Architects,Web platform development software,Y,N,Hot Only
Computer Systems Engineers/Architects,Object oriented data base management software,Y,N,Hot Only
Computer Systems Engineers/Architects,Configuration management software,Y,N,Hot Only
Computer Systems Engineers/Architects,Object or component oriented development software,Y,Y,Hot & In Demand
Computer Systems Engineers/Architects,Object or component oriented development software,Y,N,Hot Only
Computer Systems Engineers/Architects,Web platform development software,Y,N,Hot Only
Computer Systems Engineers/Architects,Operating system software,Y,N,Hot Only
Computer Systems Engineers/Architects,Application server software,Y,N,Hot Only
Computer Systems Engineers/Architects,Data base management system software,Y,N,Hot Only
Computer Systems Engineers/Architects,Development environment software,Y,N,Hot Only
Computer Systems Engineers/Architects,Customer relationship management CRM software,Y,N,Hot Only
Computer Systems Engineers/Architects,Enterprise resource planning ERP software,Y,N,Hot Only
Computer Systems Engineers/Architects,Analytical or scientific software,Y,N,Hot Only
Computer Systems Engineers/Architects,Object or component oriented development software,Y,N,Hot Only
Computer Systems Engineers/Architects,Program testing software,Y,N,Hot Only
Computer Systems Engineers/Architects,Data base user interface and query software,Y,N,Hot Only
Computer Systems Engineers/Architects,Operating system software,Y,N,Hot Only
Computer Systems Engineers/Architects,Cloud-based data access and sharing software,Y,N,Hot Only
Computer Systems Engineers/Architects,Cloud-based management software,Y,N,Hot Only
Computer Systems Engineers/Architects,Application server software,Y,N,Hot Only
Computer Systems Engineers/Architects,Web platform development software,Y,N,Hot Only
Computer Systems Engineers/Architects,Data base user interface and query software,Y,Y,Hot & In Demand
Computer Systems Engineers/Architects,Object or component oriented development software,Y,N,Hot Only
Computer Systems Engineers/Architects,Business intelligence and data analysis software,Y,N,Hot Only
Computer Systems Engineers/Architects,Data base management system software,Y,N,Hot Only
Computer Systems Engineers/Architects,Analytical or scientific software,Y,N,Hot Only
Computer Systems Engineers/Architects,Data base user interface and query software,Y,N,Hot Only
Computer Systems Engineers/Architects,Graphics or photo imaging software,Y,N,Hot Only
Computer Systems Engineers/Architects,Object or component oriented development software,Y,N,Hot Only
Computer Systems Engineers/Architects,Operating system software,Y,N,Hot Only
Computer Systems Engineers/Architects,Operating system software,Y,N,Hot Only
Information Technology Project Managers,Document management software,Y,N,Hot Only
Information Technology Project Managers,Graphics or photo imaging software,Y,N,Hot Only
Information Technology Project Managers,Graphics or photo imaging software,Y,N,Hot Only
Information Technology Project Managers,Desktop publishing software,Y,N,Hot Only
Information Technology Project Managers,Graphics or photo imaging software,Y,N,Hot Only
Information Technology Project Managers,Web platform development software,Y,N,Hot Only
Information Technology Project Managers,Data base management system software,Y,N,Hot Only
Information Technology Project Managers,Data base user interface and query software,Y,N,Hot Only
Information Technology Project Managers,Data base user interface and query software,Y,N,Hot Only
Information Technology Project Managers,Data base user interface and query software,Y,Y,Hot & In Demand
Information Technology Project Managers,Expert system software,Y,N,Hot Only
Information Technology Project Managers,Data base management system software,Y,N,Hot Only
Information Technology Project Managers,Data base management system software,Y,N,Hot Only
Information Technology Project Managers,Data base management system software,Y,N,Hot Only
Information Technology Project Managers,Development environment software,Y,N,Hot Only
Information Technology Project Managers,Development environment software,Y,N,Hot Only
Information Technology Project Managers,Business intelligence and data analysis software,Y,N,Hot Only
Information Technology Project Managers,File versioning software,Y,N,Hot Only
Information Technology Project Managers,Web platform development software,Y,N,Hot Only
Information Technology Project Managers,Operating system software,Y,N,Hot Only
Information Technology Project Managers,Project management software,Y,Y,Hot & In Demand
Information Technology Project Managers,Project management software,Y,Y,Hot & In Demand
Information Technology Project Managers,Computer aided design CAD software,Y,N,Hot Only
Information Technology Project Managers,Computer aided design CAD software,Y,N,Hot Only
Information Technology Project Managers,Operating system software,Y,N,Hot Only
Information Technology Project Managers,Development environment software,Y,N,Hot Only
Information Technology Project Managers,Object or component oriented development software,Y,N,Hot Only
Information Technology Project Managers,Object or component oriented development software,Y,N,Hot Only
Information Technology Project Managers,Web platform development software,Y,N,Hot Only
Information Technology Project Managers,Configuration management software,Y,N,Hot Only
Information Technology Project Managers,Video conferencing software,Y,N,Hot Only
Information Technology Project Managers,Web platform development software,Y,N,Hot Only
Information Technology Project Managers,Application server software,Y,N,Hot Only
Information Technology Project Managers,Development environment software,Y,N,Hot Only
Information Technology Project Managers,Data base management system software,Y,N,Hot Only
Information Technology Project Managers,Medical software,Y,N,Hot Only
Information Technology Project Managers,Geographic information system,Y,N,Hot Only
Information Technology Project Managers,Enterprise application integration software,Y,N,Hot Only
Information Technology Project Managers,Web page creation and editing software,Y,N,Hot Only
Information Technology Project Managers,File versioning software,Y,N,Hot Only
Information Technology Project Managers,Application server software,Y,N,Hot Only
Information Technology Project Managers,Development environment software,Y,N,Hot Only
Information Technology Project Managers,Data mining software,Y,N,Hot Only
Information Technology Project Managers,Web platform development software,Y,N,Hot Only
Information Technology Project Managers,Word processing software,Y,N,Hot Only
Information Technology Project Managers,Object oriented data base management software,Y,N,Hot Only
Information Technology Project Managers,Web platform development software,Y,N,Hot Only
Information Technology Project Managers,Data base user interface and query software,Y,N,Hot Only
Information Technology Project Managers,Analytical or scientific software,Y,N,Hot Only
Information Technology Project Managers,Cloud-based management software,Y,N,Hot Only
Information Technology Project Managers,Web platform development software,Y,N,Hot Only
Information Technology Project Managers,Web platform development software,Y,N,Hot Only
Information Technology Project Managers,Object or component oriented development software,Y,N,Hot Only
Information Technology Project Managers,Program testing software,Y,N,Hot Only
Information Technology Project Managers,Operating system software,Y,N,Hot Only
Information Technology Project Managers,Sales and marketing software,Y,N,Hot Only
Information Technology Project Managers,Development environment software,Y,N,Hot Only
Information Technology Project Managers,Data base user interface and query software,Y,N,Hot Only
Information Technology Project Managers,Web platform development software,Y,N,Hot Only
Information Technology Project Managers,Web platform development software,Y,N,Hot Only
Information Technology Project Managers,Development environment software,Y,Y,Hot & In Demand
Information Technology Project Managers,Spreadsheet software,Y,Y,Hot & In Demand
Information Technology Project Managers,Office suite software,Y,Y,Hot & In Demand
Information Technology Project Managers,Electronic mail software,Y,N,Hot Only
Information Technology Project Managers,Presentation software,Y,Y,Hot & In Demand
Information Technology Project Managers,Development environment software,Y,N,Hot Only
Information Technology Project Managers,Project management software,Y,N,Hot Only
Information Technology Project Managers,Document management software,Y,N,Hot Only
Information Technology Project Managers,Data base user interface and query software,Y,N,Hot Only
Information Technology Project Managers,Enterprise application integration software,Y,N,Hot Only
Information Technology Project Managers,Data base reporting software,Y,N,Hot Only
Information Technology Project Managers,Development environment software,Y,N,Hot Only
Information Technology Project Managers,Project management software,Y,N,Hot Only
Information Technology Project Managers,Process mapping and design software,Y,N,Hot Only
Information Technology Project Managers,Development environment software,Y,N,Hot Only
Information Technology Project Managers,Development environment software,Y,N,Hot Only
Information Technology Project Managers,Development environment software,Y,N,Hot Only
Information Technology Project Managers,Operating system software,Y,N,Hot Only
Information Technology Project Managers,Operating system software,Y,N,Hot Only
Information Technology Project Managers,Word processing software,Y,N,Hot Only
Information Technology Project Managers,Data base management system software,Y,N,Hot Only
Information Technology Project Managers,Data base management system software,Y,N,Hot Only
Information Technology Project Managers,Web platform development software,Y,N,Hot Only
Information Technology Project Managers,Data base management system software,Y,N,Hot Only
Information Technology Project Managers,Data base user interface and query software,Y,N,Hot Only
Information Technology Project Managers,Object or component oriented development software,Y,N,Hot Only
Information Technology Project Managers,Development environment software,Y,N,Hot Only
Information Technology Project Managers,Enterprise resource planning ERP software,Y,N,Hot Only
Information Technology Project Managers,Data base management system software,Y,N,Hot Only
Information Technology Project Managers,Project management software,Y,N,Hot Only
Information Technology Project Managers,Object or component oriented development software,Y,N,Hot Only
Information Technology Project Managers,Web platform development software,Y,N,Hot Only
Information Technology Project Managers,Object oriented data base management software,Y,N,Hot Only
Information Technology Project Managers,Configuration management software,Y,N,Hot Only
Information Technology Project Managers,Object or component oriented development software,Y,N,Hot Only
Information Technology Project Managers,Object or component oriented development software,Y,N,Hot Only
Information Technology Project Managers,Web platform development software,Y,N,Hot Only
Information Technology Project Managers,Operating system software,Y,N,Hot Only
Information Technology Project Managers,Application server software,Y,N,Hot Only
Information Technology Project Managers,Development environment software,Y,N,Hot Only
Information Technology Project Managers,Customer relationship management CRM software,Y,N,Hot Only
Information Technology Project Managers,Enterprise resource planning ERP software,Y,N,Hot Only
Information Technology Project Managers,Enterprise resource planning ERP software,Y,Y,Hot & In Demand
Information Technology Project Managers,Analytical or scientific software,Y,N,Hot Only
Information Technology Project Managers,Object or component oriented development software,Y,N,Hot Only
Information Technology Project Managers,Program testing software,Y,N,Hot Only
Information Technology Project Managers,Data base user interface and query software,Y,N,Hot Only
Information Technology Project Managers,Operating system software,Y,N,Hot Only
Information Technology Project Managers,Cloud-based data access and sharing software,Y,N,Hot Only
Information Technology Project Managers,Cloud-based management software,Y,N,Hot Only
Information Technology Project Managers,Application server software,Y,N,Hot Only
Information Technology Project Managers,Web platform development software,Y,N,Hot Only
Information Technology Project Managers,Data base user interface and query software,Y,Y,Hot & In Demand
Information Technology Project Managers,Object or component oriented development software,Y,N,Hot Only
Information Technology Project Managers,Business intelligence and data analysis software,Y,N,Hot Only
Information Technology Project Managers,Data base management system software,Y,N,Hot Only
Information Technology Project Managers,Analytical or scientific software,Y,N,Hot Only
Information Technology Project Managers,Data base user interface and query software,Y,N,Hot Only
Information Technology Project Managers,Graphics or photo imaging software,Y,N,Hot Only
Information Technology Project Managers,Operating system software,Y,N,Hot Only
Information Technology Project Managers,Operating system software,Y,N,Hot Only
Actuaries,Object or component oriented development software,Y,N,Hot Only
Actuaries,Analytical or scientific software,Y,N,Hot Only
Actuaries,Data base user interface and query software,Y,N,Hot Only
Actuaries,Spreadsheet software,Y,Y,Hot & In Demand
Actuaries,Office suite software,Y,Y,Hot & In Demand
Actuaries,Business intelligence and data analysis software,Y,Y,Hot & In Demand
Actuaries,Presentation software,Y,Y,Hot & In Demand
Actuaries,Project management software,Y,N,Hot Only
Actuaries,Data base user interface and query software,Y,N,Hot Only
Actuaries,Process mapping and design software,Y,N,Hot Only
Actuaries,Development environment software,Y,N,Hot Only
Actuaries,Development environment software,Y,Y,Hot & In Demand
Actuaries,Word processing software,Y,N,Hot Only
Actuaries,Data base user interface and query software,Y,N,Hot Only
Actuaries,Object or component oriented development software,Y,N,Hot Only
Actuaries,Object or component oriented development software,Y,Y,Hot & In Demand
Actuaries,Object or component oriented development software,Y,Y,Hot & In Demand
Actuaries,Analytical or scientific software,Y,Y,Hot & In Demand
Actuaries,Data base user interface and query software,Y,Y,Hot & In Demand
Actuaries,Business intelligence and data analysis software,Y,Y,Hot & In Demand
Mathematicians,Graphics or photo imaging software,Y,N,Hot Only
Mathematicians,Operating system software,Y,N,Hot Only
Mathematicians,Content workflow software,Y,Y,Hot & In Demand
Mathematicians,Operating system software,Y,N,Hot Only
Mathematicians,Development environment software,Y,Y,Hot & In Demand
Mathematicians,Object or component oriented development software,Y,Y,Hot & In Demand
Mathematicians,Object or component oriented development software,Y,Y,Hot & In Demand
Mathematicians,Web platform development software,Y,N,Hot Only
Mathematicians,Industrial control software,N,Y,In Demand Only
Mathematicians,Enterprise application integration software,Y,N,Hot Only
Mathematicians,Web platform development software,Y,N,Hot Only
Mathematicians,Analytical or scientific software,Y,N,Hot Only
Mathematicians,Web platform development software,Y,N,Hot Only
Mathematicians,Operating system software,Y,N,Hot Only
Mathematicians,Data base user interface and query software,Y,N,Hot Only
Mathematicians,Spreadsheet software,Y,Y,Hot & In Demand
Mathematicians,Office suite software,Y,Y,Hot & In Demand
Mathematicians,Electronic mail software,Y,N,Hot Only
Mathematicians,Presentation software,Y,N,Hot Only
Mathematicians,Development environment software,Y,N,Hot Only
Mathematicians,Development environment software,Y,N,Hot Only
Mathematicians,Operating system software,Y,N,Hot Only
Mathematicians,Word processing software,Y,N,Hot Only
Mathematicians,Data base management system software,Y,N,Hot Only
Mathematicians,Object or component oriented development software,Y,N,Hot Only
Mathematicians,Metadata management software,N,Y,In Demand Only
Mathematicians,Object or component oriented development software,Y,N,Hot Only
Mathematicians,Web platform development software,Y,N,Hot Only
Mathematicians,Object or component oriented development software,Y,Y,Hot & In Demand
Mathematicians,Object or component oriented development software,Y,N,Hot Only
Mathematicians,Customer relationship management CRM software,Y,N,Hot Only
Mathematicians,Analytical or scientific software,Y,N,Hot Only
Mathematicians,Data base user interface and query software,Y,N,Hot Only
Mathematicians,Business intelligence and data analysis software,Y,N,Hot Only
Mathematicians,Analytical or scientific software,Y,Y,Hot & In Demand
Mathematicians,Operating system software,Y,N,Hot Only
Mathematicians,File versioning software,N,Y,In Demand Only
Operations Research Analysts,Data base user interface and query software,Y,N,Hot Only
Operations Research Analysts,Data base management system software,Y,N,Hot Only
Operations Research Analysts,Data base management system software,Y,N,Hot Only
Operations Research Analysts,Operating system software,Y,N,Hot Only
Operations Research Analysts,Operating system software,Y,N,Hot Only
Operations Research Analysts,Development environment software,Y,N,Hot Only
Operations Research Analysts,Object or component oriented development software,Y,N,Hot Only
Operations Research Analysts,Geographic information system,Y,N,Hot Only
Operations Research Analysts,Enterprise application integration software,Y,N,Hot Only
Operations Research Analysts,Application server software,Y,N,Hot Only
Operations Research Analysts,Word processing software,Y,N,Hot Only
Operations Research Analysts,Analytical or scientific software,Y,N,Hot Only
Operations Research Analysts,Operating system software,Y,N,Hot Only
Operations Research Analysts,Sales and marketing software,Y,N,Hot Only
Operations Research Analysts,Data base user interface and query software,Y,N,Hot Only
Operations Research Analysts,Spreadsheet software,Y,Y,Hot & In Demand
Operations Research Analysts,Office suite software,Y,Y,Hot & In Demand
Operations Research Analysts,Electronic mail software,Y,Y,Hot & In Demand
Operations Research Analysts,Business intelligence and data analysis software,Y,Y,Hot & In Demand
Operations Research Analysts,Presentation software,Y,Y,Hot & In Demand
Operations Research Analysts,Project management software,Y,N,Hot Only
Operations Research Analysts,Document management software,Y,N,Hot Only
Operations Research Analysts,Data base user interface and query software,Y,N,Hot Only
Operations Research Analysts,Data base reporting software,Y,N,Hot Only
Operations Research Analysts,Process mapping and design software,Y,N,Hot Only
Operations Research Analysts,Development environment software,Y,N,Hot Only
Operations Research Analysts,Development environment software,Y,N,Hot Only
Operations Research Analysts,Word processing software,Y,N,Hot Only
Operations Research Analysts,Data base user interface and query software,Y,N,Hot Only
Operations Research Analysts,Enterprise resource planning ERP software,Y,N,Hot Only
Operations Research Analysts,Object or component oriented development software,Y,N,Hot Only
Operations Research Analysts,Object or component oriented development software,Y,Y,Hot & In Demand
Operations Research Analysts,Object or component oriented development software,Y,N,Hot Only
Operations Research Analysts,Customer relationship management CRM software,Y,Y,Hot & In Demand
Operations Research Analysts,Enterprise resource planning ERP software,Y,N,Hot Only
Operations Research Analysts,Analytical or scientific software,Y,N,Hot Only
Operations Research Analysts,Object or component oriented development software,Y,N,Hot Only
Operations Research Analysts,Operating system software,Y,N,Hot Only
Operations Research Analysts,Cloud-based management software,Y,N,Hot Only
Operations Research Analysts,Data base user interface and query software,Y,Y,Hot & In Demand
Operations Research Analysts,Object or component oriented development software,Y,N,Hot Only
Operations Research Analysts,Business intelligence and data analysis software,Y,Y,Hot & In Demand
Operations Research Analysts,Data base management system software,Y,N,Hot Only
Operations Research Analysts,Analytical or scientific software,Y,N,Hot Only
Operations Research Analysts,Operating system software,Y,N,Hot Only
Operations Research Analysts,Operating system software,Y,N,Hot Only
Statisticians,Data base user interface and query software,Y,N,Hot Only
Statisticians,Data base user interface and query software,Y,Y,Hot & In Demand
Statisticians,Data base management system software,Y,N,Hot Only
Statisticians,Business intelligence and data analysis software,Y,N,Hot Only
Statisticians,Object or component oriented development software,Y,N,Hot Only
Statisticians,Enterprise application integration software,Y,N,Hot Only
Statisticians,Data base user interface and query software,Y,N,Hot Only
Statisticians,Analytical or scientific software,Y,Y,Hot & In Demand
Statisticians,Operating system software,Y,N,Hot Only
Statisticians,Data base user interface and query software,Y,Y,Hot & In Demand
Statisticians,Spreadsheet software,Y,Y,Hot & In Demand
Statisticians,Office suite software,Y,Y,Hot & In Demand
Statisticians,Presentation software,Y,Y,Hot & In Demand
Statisticians,Data base user interface and query software,Y,N,Hot Only
Statisticians,Development environment software,Y,N,Hot Only
Statisticians,Development environment software,Y,N,Hot Only
Statisticians,Word processing software,Y,N,Hot Only
Statisticians,Object or component oriented development software,Y,Y,Hot & In Demand
Statisticians,Object or component oriented development software,Y,Y,Hot & In Demand
Statisticians,Enterprise resource planning ERP software,Y,N,Hot Only
Statisticians,Analytical or scientific software,Y,Y,Hot & In Demand
Statisticians,Analytical or scientific software,N,Y,In Demand Only
Statisticians,Analytical or scientific software,N,Y,In Demand Only
Statisticians,Data base user interface and query software,Y,Y,Hot & In Demand
Statisticians,Business intelligence and data analysis software,Y,Y,Hot & In Demand
Statisticians,Data base management system software,Y,N,Hot Only
Statisticians,Analytical or scientific software,Y,N,Hot Only
Statisticians,Operating system software,Y,N,Hot Only
Biostatisticians,Operating system software,Y,N,Hot Only
Biostatisticians,Object or component oriented development software,Y,N,Hot Only
Biostatisticians,Object or component oriented development software,Y,N,Hot Only
Biostatisticians,Enterprise application integration software,Y,N,Hot Only
Biostatisticians,File versioning software,Y,N,Hot Only
Biostatisticians,Analytical or scientific software,Y,Y,Hot & In Demand
Biostatisticians,Web platform development software,Y,N,Hot Only
Biostatisticians,Operating system software,Y,N,Hot Only
Biostatisticians,Data base user interface and query software,Y,N,Hot Only
Biostatisticians,Spreadsheet software,Y,Y,Hot & In Demand
Biostatisticians,Office suite software,Y,Y,Hot & In Demand
Biostatisticians,Presentation software,Y,Y,Hot & In Demand
Biostatisticians,Data base user interface and query software,Y,N,Hot Only
Biostatisticians,Development environment software,Y,N,Hot Only
Biostatisticians,Operating system software,Y,N,Hot Only
Biostatisticians,Word processing software,Y,N,Hot Only
Biostatisticians,Data base management system software,Y,N,Hot Only
Biostatisticians,Data base user interface and query software,Y,N,Hot Only
Biostatisticians,Object or component oriented development software,Y,N,Hot Only
Biostatisticians,Object or component oriented development software,Y,N,Hot Only
Biostatisticians,Web platform development software,Y,N,Hot Only
Biostatisticians,Object or component oriented development software,Y,Y,Hot & In Demand
Biostatisticians,Object or component oriented development software,Y,Y,Hot & In Demand
Biostatisticians,Enterprise resource planning ERP software,Y,Y,Hot & In Demand
Biostatisticians,Analytical or scientific software,Y,Y,Hot & In Demand
Biostatisticians,Operating system software,Y,N,Hot Only
Biostatisticians,Analytical or scientific software,N,Y,In Demand Only
Biostatisticians,Analytical or scientific software,N,Y,In Demand Only
Biostatisticians,Data base user interface and query software,Y,Y,Hot & In Demand
Biostatisticians,Analytical or scientific software,Y,N,Hot Only
Biostatisticians,Operating system software,Y,N,Hot Only
Data Scientists,Business intelligence and data analysis software,Y,N,Hot Only
Data Scientists,Data base user interface and query software,Y,N,Hot Only
Data Scientists,Data base user interface and query software,Y,N,Hot Only
Data Scientists,Data base user interface and query software,Y,Y,Hot & In Demand
Data Scientists,Procedure management software,Y,N,Hot Only
Data Scientists,Data base management system software,Y,N,Hot Only
Data Scientists,Data base management system software,Y,Y,Hot & In Demand
Data Scientists,Data base management system software,Y,N,Hot Only
Data Scientists,Development environment software,Y,N,Hot Only
Data Scientists,Business intelligence and data analysis software,Y,Y,Hot & In Demand
Data Scientists,Project management software,Y,N,Hot Only
Data Scientists,Content workflow software,Y,N,Hot Only
Data Scientists,Operating system software,Y,N,Hot Only
Data Scientists,Development environment software,Y,N,Hot Only
Data Scientists,Object or component oriented development software,Y,N,Hot Only
Data Scientists,Object or component oriented development software,Y,Y,Hot & In Demand
Data Scientists,Application server software,Y,N,Hot Only
Data Scientists,Data base management system software,Y,N,Hot Only
Data Scientists,File versioning software,Y,Y,Hot & In Demand
Data Scientists,Application server software,Y,N,Hot Only
Data Scientists,Development environment software,Y,N,Hot Only
Data Scientists,Analytical or scientific software,Y,N,Hot Only
Data Scientists,Web platform development software,Y,N,Hot Only
Data Scientists,Web platform development software,Y,N,Hot Only
Data Scientists,Enterprise application integration software,Y,N,Hot Only
Data Scientists,Application server software,Y,N,Hot Only
Data Scientists,Operating system software,Y,N,Hot Only
Data Scientists,Data base user interface and query software,Y,N,Hot Only
Data Scientists,Development environment software,Y,Y,Hot & In Demand
Data Scientists,Spreadsheet software,Y,Y,Hot & In Demand
Data Scientists,Office suite software,Y,N,Hot Only
Data Scientists,Business intelligence and data analysis software,Y,Y,Hot & In Demand
Data Scientists,Presentation software,Y,Y,Hot & In Demand
Data Scientists,Data base user interface and query software,Y,N,Hot Only
Data Scientists,Data base management system software,Y,N,Hot Only
Data Scientists,Data base management system software,Y,N,Hot Only
Data Scientists,Data base user interface and query software,N,Y,In Demand Only
Data Scientists,Object or component oriented development software,Y,Y,Hot & In Demand
Data Scientists,Data base user interface and query software,N,Y,In Demand Only
Data Scientists,Object or component oriented development software,Y,N,Hot Only
Data Scientists,Object oriented data base management software,Y,N,Hot Only
Data Scientists,Object or component oriented development software,Y,Y,Hot & In Demand
Data Scientists,Data base user interface and query software,Y,Y,Hot & In Demand
Data Scientists,Object or component oriented development software,Y,Y,Hot & In Demand
Data Scientists,Development environment software,Y,N,Hot Only
Data Scientists,Analytical or scientific software,Y,Y,Hot & In Demand
Data Scientists,Object or component oriented development software,Y,N,Hot Only
Data Scientists,Development environment software,N,Y,In Demand Only
Data Scientists,Operating system software,Y,N,Hot Only
Data Scientists,Data mining software,Y,Y,Hot & In Demand
Data Scientists,Enterprise system management software,Y,N,Hot Only
Data Scientists,Data base user interface and query software,Y,Y,Hot & In Demand
Data Scientists,Business intelligence and data analysis software,Y,Y,Hot & In Demand
Data Scientists,Analytical or scientific software,Y,Y,Hot & In Demand
Data Scientists,Data base management system software,Y,N,Hot Only
Data Scientists,Analytical or scientific software,Y,Y,Hot & In Demand
Data Scientists,Operating system software,Y,N,Hot Only
Business Intelligence Analysts,Document management software,Y,N,Hot Only
Business Intelligence Analysts,Web platform development software,Y,N,Hot Only
Business Intelligence Analysts,Business intelligence and data analysis software,Y,N,Hot Only
Business Intelligence Analysts,Data base management system software,Y,N,Hot Only
Business Intelligence Analysts,Data base user interface and query software,Y,N,Hot Only
Business Intelligence Analysts,Data base user interface and query software,Y,N,Hot Only
Business Intelligence Analysts,Data base user interface and query software,Y,Y,Hot & In Demand
Business Intelligence Analysts,Data base management system software,Y,N,Hot Only
Business Intelligence Analysts,Data base management system software,Y,N,Hot Only
Business Intelligence Analysts,Data base management system software,Y,N,Hot Only
Business Intelligence Analysts,Development environment software,Y,N,Hot Only
Business Intelligence Analysts,Business intelligence and data analysis software,Y,N,Hot Only
Business Intelligence Analysts,Web platform development software,Y,N,Hot Only
Business Intelligence Analysts,Project management software,Y,N,Hot Only
Business Intelligence Analysts,Content workflow software,Y,N,Hot Only
Business Intelligence Analysts,Operating system software,Y,N,Hot Only
Business Intelligence Analysts,Development environment software,Y,N,Hot Only
Business Intelligence Analysts,Object or component oriented development software,Y,N,Hot Only
Business Intelligence Analysts,Object or component oriented development software,Y,N,Hot Only
Business Intelligence Analysts,Web platform development software,Y,N,Hot Only
Business Intelligence Analysts,Development environment software,Y,N,Hot Only
Business Intelligence Analysts,Data base management system software,Y,N,Hot Only
Business Intelligence Analysts,Medical software,Y,N,Hot Only
Business Intelligence Analysts,Geographic information system,Y,N,Hot Only
Business Intelligence Analysts,Enterprise application integration software,Y,N,Hot Only
Business Intelligence Analysts,Web page creation and editing software,Y,N,Hot Only
Business Intelligence Analysts,File versioning software,Y,N,Hot Only
Business Intelligence Analysts,Application server software,Y,N,Hot Only
Business Intelligence Analysts,Development environment software,Y,N,Hot Only
Business Intelligence Analysts,Data mining software,Y,N,Hot Only
Business Intelligence Analysts,Word processing software,Y,N,Hot Only
Business Intelligence Analysts,Object oriented data base management software,Y,N,Hot Only
Business Intelligence Analysts,Web platform development software,Y,N,Hot Only
Business Intelligence Analysts,Data base user interface and query software,Y,N,Hot Only
Business Intelligence Analysts,Analytical or scientific software,Y,N,Hot Only
Business Intelligence Analysts,Metadata management software,Y,N,Hot Only
Business Intelligence Analysts,Web platform development software,Y,N,Hot Only
Business Intelligence Analysts,Web platform development software,Y,N,Hot Only
Business Intelligence Analysts,Object or component oriented development software,Y,N,Hot Only
Business Intelligence Analysts,Operating system software,Y,N,Hot Only
Business Intelligence Analysts,Sales and marketing software,Y,N,Hot Only
Business Intelligence Analysts,Medical software,Y,N,Hot Only
Business Intelligence Analysts,Development environment software,Y,N,Hot Only
Business Intelligence Analysts,Data base user interface and query software,Y,N,Hot Only
Business Intelligence Analysts,Web platform development software,Y,N,Hot Only
Business Intelligence Analysts,Web platform development software,Y,N,Hot Only
Business Intelligence Analysts,Development environment software,Y,Y,Hot & In Demand
Business Intelligence Analysts,Spreadsheet software,Y,Y,Hot & In Demand
Business Intelligence Analysts,Office suite software,Y,Y,Hot & In Demand
Business Intelligence Analysts,Electronic mail software,Y,N,Hot Only
Business Intelligence Analysts,Enterprise application integration software,Y,N,Hot Only
Business Intelligence Analysts,Business intelligence and data analysis software,Y,Y,Hot & In Demand
Business Intelligence Analysts,Presentation software,Y,Y,Hot & In Demand
Business Intelligence Analysts,Development environment software,Y,N,Hot Only
Business Intelligence Analysts,Project management software,Y,N,Hot Only
Business Intelligence Analysts,Document management software,Y,N,Hot Only
Business Intelligence Analysts,Data base user interface and query software,Y,N,Hot Only
Business Intelligence Analysts,Enterprise application integration software,Y,N,Hot Only
Business Intelligence Analysts,Data base reporting software,Y,N,Hot Only
Business Intelligence Analysts,Process mapping and design software,Y,N,Hot Only
Business Intelligence Analysts,Development environment software,Y,N,Hot Only
Business Intelligence Analysts,Development environment software,Y,N,Hot Only
Business Intelligence Analysts,Development environment software,Y,N,Hot Only
Business Intelligence Analysts,Operating system software,Y,N,Hot Only
Business Intelligence Analysts,Word processing software,Y,N,Hot Only
Business Intelligence Analysts,Data base management system software,Y,N,Hot Only
Business Intelligence Analysts,Data base management system software,Y,N,Hot Only
Business Intelligence Analysts,Data base management system software,Y,N,Hot Only
Business Intelligence Analysts,Cloud-based management software,Y,Y,Hot & In Demand
Business Intelligence Analysts,Data base user interface and query software,Y,N,Hot Only
Business Intelligence Analysts,Object or component oriented development software,Y,N,Hot Only
Business Intelligence Analysts,Enterprise resource planning ERP software,Y,N,Hot Only
Business Intelligence Analysts,Data base management system software,Y,N,Hot Only
Business Intelligence Analysts,Project management software,Y,N,Hot Only
Business Intelligence Analysts,Development environment software,Y,N,Hot Only
Business Intelligence Analysts,Object or component oriented development software,Y,N,Hot Only
Business Intelligence Analysts,Web platform development software,Y,N,Hot Only
Business Intelligence Analysts,Object oriented data base management software,Y,N,Hot Only
Business Intelligence Analysts,Object or component oriented development software,Y,Y,Hot & In Demand
Business Intelligence Analysts,Object or component oriented development software,Y,Y,Hot & In Demand
Business Intelligence Analysts,Operating system software,Y,N,Hot Only
Business Intelligence Analysts,Development environment software,Y,N,Hot Only
Business Intelligence Analysts,Customer relationship management CRM software,Y,N,Hot Only
Business Intelligence Analysts,Enterprise resource planning ERP software,Y,N,Hot Only
Business Intelligence Analysts,Enterprise resource planning ERP software,Y,Y,Hot & In Demand
Business Intelligence Analysts,Analytical or scientific software,Y,Y,Hot & In Demand
Business Intelligence Analysts,Object or component oriented development software,Y,N,Hot Only
Business Intelligence Analysts,Operating system software,Y,N,Hot Only
Business Intelligence Analysts,Data mining software,Y,N,Hot Only
Business Intelligence Analysts,Cloud-based management software,Y,N,Hot Only
Business Intelligence Analysts,Data base user interface and query software,Y,Y,Hot & In Demand
Business Intelligence Analysts,Object or component oriented development software,Y,N,Hot Only
Business Intelligence Analysts,Business intelligence and data analysis software,Y,Y,Hot & In Demand
Business Intelligence Analysts,Data base management system software,Y,N,Hot Only
Business Intelligence Analysts,Analytical or scientific software,Y,N,Hot Only
Business Intelligence Analysts,Data base user interface and query software,Y,N,Hot Only
Business Intelligence Analysts,Operating system software,Y,N,Hot Only
Business Intelligence Analysts,Operating system software,Y,N,Hot Only
Clinical Data Managers,Object or component oriented development software,Y,N,Hot Only
Clinical Data Managers,Object or component oriented development software,Y,N,Hot Only
Clinical Data Managers,Medical software,Y,Y,Hot & In Demand
Clinical Data Managers,Enterprise application integration software,Y,N,Hot Only
Clinical Data Managers,Development environment software,Y,N,Hot Only
Clinical Data Managers,Analytical or scientific software,Y,N,Hot Only
Clinical Data Managers,Medical software,Y,N,Hot Only
Clinical Data Managers,Data base user interface and query software,Y,N,Hot Only
Clinical Data Managers,Spreadsheet software,Y,Y,Hot & In Demand
Clinical Data Managers,Office suite software,Y,Y,Hot & In Demand
Clinical Data Managers,Presentation software,Y,Y,Hot & In Demand
Clinical Data Managers,Project management software,Y,N,Hot Only
Clinical Data Managers,Document management software,Y,N,Hot Only
Clinical Data Managers,Data base user interface and query software,Y,N,Hot Only
Clinical Data Managers,Process mapping and design software,Y,Y,Hot & In Demand
Clinical Data Managers,Development environment software,Y,N,Hot Only
Clinical Data Managers,Word processing software,Y,N,Hot Only
Clinical Data Managers,Object or component oriented development software,Y,N,Hot Only
Clinical Data Managers,Analytical or scientific software,Y,Y,Hot & In Demand
Clinical Data Managers,Data base user interface and query software,Y,Y,Hot & In Demand
Clinical Data Managers,Data base management system software,Y,N,Hot Only
Bioinformatics Technicians,File versioning software,Y,N,Hot Only
Bioinformatics Technicians,Development environment software,Y,N,Hot Only
Bioinformatics Technicians,Object or component oriented development software,Y,N,Hot Only
Bioinformatics Technicians,File versioning software,Y,N,Hot Only
Bioinformatics Technicians,Web platform development software,Y,N,Hot Only
Bioinformatics Technicians,Analytical or scientific software,Y,N,Hot Only
Bioinformatics Technicians,Enterprise application integration software,Y,N,Hot Only
Bioinformatics Technicians,Operating system software,Y,N,Hot Only
Bioinformatics Technicians,Data base user interface and query software,Y,N,Hot Only
Bioinformatics Technicians,Spreadsheet software,Y,N,Hot Only
Bioinformatics Technicians,Office suite software,Y,N,Hot Only
Bioinformatics Technicians,Electronic mail software,Y,N,Hot Only
Bioinformatics Technicians,Presentation software,Y,N,Hot Only
Bioinformatics Technicians,Document management software,Y,N,Hot Only
Bioinformatics Technicians,Data base management system software,Y,N,Hot Only
Bioinformatics Technicians,Process mapping and design software,Y,N,Hot Only
Bioinformatics Technicians,Operating system software,Y,N,Hot Only
Bioinformatics Technicians,Word processing software,Y,N,Hot Only
Bioinformatics Technicians,Data base user interface and query software,Y,N,Hot Only
Bioinformatics Technicians,Data base user interface and query software,Y,N,Hot Only
Bioinformatics Technicians,Object or component oriented development software,Y,N,Hot Only
Bioinformatics Technicians,Object or component oriented development software,Y,N,Hot Only
Bioinformatics Technicians,Object or component oriented development software,Y,N,Hot Only
Bioinformatics Technicians,Object or component oriented development software,Y,N,Hot Only
Bioinformatics Technicians,Development environment software,Y,N,Hot Only
Bioinformatics Technicians,Enterprise resource planning ERP software,Y,N,Hot Only
Bioinformatics Technicians,Analytical or scientific software,Y,N,Hot Only
Bioinformatics Technicians,Data base user interface and query software,Y,N,Hot Only
Bioinformatics Technicians,Analytical or scientific software,Y,N,Hot Only
